cpf;nome;Sigla;sexo
1600;ABDULBASET JAROUR;PSB;M
1601;ABELARDO WANDERLINO DA COSTA NETO;REPUBLICANOS;M
1602;ABIDAN HENRIQUE DA SILVA;PSB;M
1603;ABNER DELUQUI ISIDORO;REPUBLICANOS;M
1604;VITOR ABOU ANNI;UNIÃO;M
1605;ADA HENRIQUE XAVIER;PTB;F
1606;ADALBERTO GODOY FREITAS;PSDB;M
1607;JOSE CARLOS ADAO;PSD;M
1608;ADÃO DA SILVA;PROS;M
1609;ADENILDES ALVES ROCHA;SOLIDARIEDADE;F
1610;ADÉLIA OLIVEIRA DE FARIAS;PT;F
1611;ADELMACIR DE SOUZA;PMB;M
1612;ADENILSON PEREIRA DE AMORIM;UNIÃO;M
1613;ADENILTON FERREIRA DA SILVA;SOLIDARIEDADE;M
1614;ADILSON DOS SANTOS;PSTU;M
1615;ADILSON DE SOUZA ROCHA;SOLIDARIEDADE;M
1616;ADMILSON DE SOUZA;UNIÃO;M
1617;ADONAI DOS SANTOS SOARES JÚNIOR;AVANTE;M
1618;ADRIANA SANTOS BARRENHA;AGIR;F
1619;ADRIANA SANCHES GALDEANO BORGO;AGIR;F
1620;ADRIANA COELHO DE OLIVEIRA;PMN;F
1621;ADRIANA APARECIDA FELIX;PP;F
1622;ADRIANA SCANAVEZ DOS SANTOS;PSOL;F
1623;ADRIANA GLEDYS ZINK;PSDB;F
1624;ADRIANA GOMES;PDT;F
1625;ANDROMEDES BARBOSA OKABE;PL;M
1626;ADRIANA NOGUEIRA DO PRADO;PATRIOTA;F
1627;ADRIANA RANGEL RIBEIRO;PMB;F
1628;ADRIANA SOUZA DOS SANTOS PEREIRA;AVANTE;F
1629;ADRIANO BEDORE;PSDB;M
1630;ADRIANO DE BARROS CARUSO;PTB;M
1631;FRANCISCO ADRIANO MACENA DE ALMEIDA;PRTB;M
1632;EWERTON DA SILVA CARVALHO;PC do B;M
1633;AFONSO MARIA SILVA SALES;PTB;M
1634;DANILO MASCARENHAS DE BALAS;PL;M
1635;LUIZ FERNANDO PIVA CRUZ;PSD;M
1636;SÉRGIO DONIZETE FERREIRA;PODE;M
1637;ANTONIO AGNALDO DOS SANTOS;PROS;M
1638;JOSÉ AGRIPINO DA SILVA;MDB;M
1639;AILDO RODRIGUES FERREIRA;REPUBLICANOS;M
1640;AILTON AMARAL DOS SANTOS;PSOL;M
1641;AIRTON DA COSTA LOURENÇO;PDT;M
1642;ÁKILA SEVERO DE AZEVEDO;PROS;F
1643;ALAINE SILVA SOUZA SANTOS;PATRIOTA;M
1644;JOSE ALAOR FERNANDES ROSSI;PATRIOTA;M
1645;ALBERTO DE HOLLANDA HADDAD;PP;M
1646;ALBERTO SABINO DE OLIVEIRA;PP;M
1647;ANTONIO CARLOS ALBINO;PL;M
1648;VALDIR SOARES DE ALBUQUERQUE;SOLIDARIEDADE;M
1649;JOSE ALDO DEMARCHI;UNIÃO;M
1650;ALDO ALMEIDA;AGIR;M
1651;ALEXSANDRA OLIVEIRA BEZERRA;PDT;F
1652;ALEXANDRE EUGENIO BATISTA;PROS;M
1653;ALESSANDRA VECCHIO SOBRINHO;PMN;F
1654;ALEXANDRE GONÇALVES DEMETRIO ZAHRA;PTB;M
1655;GETULIO ALEGRE DOS SANTOS;PATRIOTA;M
1656;CARLOS ALBERTO MARCOS;PT;M
1657;JOSE CANDIDO DA SILVA;DC;M
1658;EDEMIR DE MELO;UNIÃO;M
1659;ALENATO MARTINS VIDAL;AGIR;M
1660;ALESSANDRA ABE;PMB;F
1661;ALESSANDRA CRISTIANE SOARES GARCIA ALGARIN;PODE;F
1662;ALESSANDRA VIEIRA DE CAMARGO TELES;PSDB;F
1663;ALESSANDRA ALMEIDA PEREIRA;PL;F
1664;ALESSANDRA JULIO PAES;SOLIDARIEDADE;F
1665;ALESSANDRA BELLUCCI;REPUBLICANOS;F
1666;ALESSANDRO CÉZAR ARAÚJO AZEVEDO;PT;M
1667;ALESSANDRO FAUSTINO MARTINS;PDT;M
1668;ALEUSON ROSA DA SILVA;PRTB;M
1669;ALEXSANDER MELO BUENO;PDT;M
1670;ALEX CANUTO DE SÁ CUNHA;PROS;M
1671;ALEXANDER MUNIZ DE OLIVEIRA;PL;M
1672;ALEX SANDRO BENTO FERNANDES;PATRIOTA;M
1673;ALEX FABIANO COSTA GARCIA;AGIR;M
1674;ALEX SANDRO GOMES;PT;M
1675;ALEXANDRO DE ARAÚJO;PSD;M
1676;ALEXANDRA DE ABREU;NOVO;F
1677;ALEXANDRE CABRAL DE OLIVEIRA;DC;M
1678;ALEXANDRE DE OLIVEIRA;MDB;M
1679;ALEXANDRE HARTMANN;DC;M
1680;ALEXANDRE RIBEIRO MUSTAFA;PSDB;M
1681;ALEXANDRE PEREIRA DA SILVA;SOLIDARIEDADE;M
1682;ALEXANDRE SÓCRATES NAVISKAS;PSB;M
1683;ALEXANDRE SIMÕES PIMENTEL;PSB;M
1684;ALEXSANDRA BEZERRA LEITE DA SILVA;PSC;F
1685;ALEXYA LUCAS EVANGELISTA SALVADOR;PT;F
1686;ALINE FELIPE SOARES CARVALHO;AVANTE;F
1687;ALINE CATARINE GONDIM;PSOL;F
1688;ALINE CARBALLO TEIXEIRA;UNIÃO;F
1689;ALLI AHMAD MAJDOUB;MDB;M
1690;ALLINSON PAULO NUNES;PSC;M
1691;ALLINY FERNANDA SARTORI PADALINO ROGÉRIO;MDB;F
1692;ALTAIR MORAES DE OLIVEIRA;REPUBLICANOS;M
1693;AMANDA OLIVEIRA BISPO;UP;F
1694;AMANDA LIMA DIAS;PROS;F
1695;AMANDA CAETANO MARCHESONI;PMB;F
1696;AMANDA VETTORAZZO CARNEIRO;UNIÃO;F
1697;AMARINILDA JOSÉ CUSTÓDIO;PROS;F
1698;ANA PAULA CARVALHO BEATHALTER;PATRIOTA;F
1699;ANA CAROLINA ROSSI BARRETO SERRA;CIDADANIA;F
1700;ANA CLAUDIA SEVERINO RIVERA;AGIR;F
1701;ANA IMACULADA VALERIO;SOLIDARIEDADE;F
1702;ANA PAULA MELO PETILO;PMB;F
1703;ANA CLAUDIA SILVA MIELKE;PSOL;F
1704;ANA ANGELA PALERMO;PRTB;F
1705;ANA PAULA MAGALHÃES DA SILVA PETILI;NOVO;F
1706;ANA PAULA ROSSI DE ALMEIDA MAGDESIAN;PL;F
1707;ANA LUCIA LIPPAUS PERUGINI;PT;F
1708;ANA KEYLA SILVA SANTIAGO;PSDB;F
1709;ANA CRISTINA VARGAS CALDEIRA;PL;F
1710;JOSEFA ANADETE DOS SANTOS SILVA;MDB;F
1711;ANALICE FERNANDES;PSDB;F
1712;ANDERSON DOS SANTOS;PP;M
1713;ANDERSON DOS SANTOS MARTINS DE SOUZA;PODE;M
1714;ANDERSON MARTINS SALGADO;SOLIDARIEDADE;M
1715;ANDRÉ NALEPA ABBUD;NOVO;M
1716;ANDRÉ LUIZ BARBEZANI;MDB;M
1717;ANDRE LUIS ANCHÃO BRAGA;PSDB;M
1718;ANDRÉ LUIZ DA SILVA;MDB;M
1719;ANDRÉ LUIZ PREVIATO KODJAOGLANIAN;PSD;M
1720;ANDRE LUIS DO PRADO;PL;M
1721;ANDRE MARTINS MACHADO;PODE;M
1722;ANDRÉ LUIZ GALHARDO JOÃO;PATRIOTA;M
1723;ANDRÉ LUIZ NAVARRO GARCIA MANZANO;NOVO;M
1724;ANDRE PEREIRA DE MEDEIROS;PSD;M
1725;ANDRE CRISTHIANO CAYRES RIBEIRO;UNIÃO;M
1726;ANDRÉA DE PAULA SANTOS;MDB;F
1727;ANDRÉA DAS NEVES NERI DE SANTANA;PSB;F
1728;ANDREA SEIXAS;PATRIOTA;F
1729;ANDRÉA WERNER SILVA BONOLI;PSB;F
1730;ANDREIA TASSIANE ANTONACCI;AGIR;F
1731;ANDREIA PEREIRA FERRAZ;PATRIOTA;F
1732;ANDREIA MARQUETE PASSOS;SOLIDARIEDADE;F
1733;ERICH DE ANDRES;PMN;M
1734;ANDRESSA MAZZEI SIGNORETTI DA SILVA;PRTB;F
1735;ANDREY PEDRO PEREIRA DE ALMEIDA;PMN;M
1736;JOSANGELA SILVEIRA MELO;AVANTE;F
1737;ANGELA OROSCO DE MELO;MDB;F
1738;ANGÉLICA CRISTINA FASSINA HADI;AVANTE;F
1739;ANGÉLICA DIAS DA SILVA;PMN;F
1740;ANGELINA DIAS DA SILVA;PCO;F
1741;ANGELO ANTONIO BUCIOLOTI;PSC;M
1742;ANGELO MARCIO DE JESUS SILVA;PMB;M
1743;ANILTON HERCULINO DOS SANTOS;PROS;M
1744;ANA CRISTINA ALVES;PSDB;F
1745;ANNE VITORIA DIAS MOTA;PROS;F
1746;ANTÔNIO CARLOS DA SILVA;REPUBLICANOS;M
1747;ANTONIO DA SILVA E SOUZA;PTB;M
1748;ANTÔNIO ROCHA DOS SANTOS;DC;M
1749;MARIA APARECIDA DE JESUS;PP;F
1750;ROGERIO MOURA TOMAZ;REPUBLICANOS;M
1751;HILDON DE OLIVEIRA ROCHA;MDB;M
1752;ARIELY PEDROSO SILVA PRETER;PSC;F
1753;ARLETE TAVARES DOS SANTOS BARBOSA;PODE;F
1754;ARLINDO AMARO DOS SANTOS;PODE;M
1755;ARLINDO MARIANO DE ARAUJO FILHO;MDB;M
1756;ARLINDO DE OLIVEIRA CAMARGO;PROS;M
1757;ARNALDO JOSE MARÍA CANCELA;PP;M
1758;ARNALDO REISDECOPA NASCIMENTO;PDT;M
1759;DAVID GONÇALVES MOREIRA;PP;M
1760;ARTUR CASSEB ORSI;PSD;M
1761;ATAIDE ROBERTO DA SILVA JUNIOR;PDT;M
1762;ATAIDE TERUEL PEREZ;PODE;M
1763;ÁTILA CESAR MONTEIRO JACOMUSSI;SOLIDARIEDADE;F
1764;AUDREY ANA MARCONDES GOGLIANO;PTB;M
1765;AUDREY KLEYS CABRAL DE OLIVEIRA DINAU;PP;M
1766;CARLOS AUGUSTO PEREIRA COSTA;PROS;M
1767;AUGUSTO DOS REIS FERREIRA;PSD;M
1768;AURELIANO CARNEIRO DE LIMA;PODE;M
1769;AVEDIS GOGENHAN;PTB;M
1770;GIRLANE LIMA DE SOUZA;PSC;F
1771;WILSON DE VASCONCELOS VEIGA;PMB;M
1772;TEONÍLIO MONTEIRO DA COSTA;PT;M
1773;JOSE ANTONIO BARROS MUNHOZ;PSDB;M
1774;AGILDO FAUSTINO DOS SANTOS JUNIOR;PSC;M
1775;ISABELA CRISTINA CARDOSO DA CRUZ;PL;F
1776;BENJAMIN NOEL;PROS;M
1777;EDIVALDO BENÍCIO;PSD;M
1778;JOSÉ CARLOS TREVENZOLLI FILHO;PSD;M
1779;JOSE CARLOS BERNARDI;PTB;M
1780;ANTONIO BESERRA LIMA;PL;M
1781;ROBERTO PAULIS;AVANTE;M
1782;ELISABETH SAHÃO;PT;M
1783;ALBERTO ADRIANO DE JESUS;PSB;M
1784;GILBERTO DANIEL JUNIOR;UNIÃO;M
1785;VALDENIR JOSÉ BITIU;PSC;M
1786;ROBERTO FRIAS FILHO;NOVO;M
1787;JOÃO ROBERTO DE SIQUEIRA;PP;M
1788;CARLOS ROBERTO TOLEDO;PATRIOTA;M
1789;BIANCA CESÁRIO DE OLIVEIRA;PRTB;F
1790;RONALDO FRANCISCO DA CRUZ;MDB;M
1791;ADILSON ALVES LUZ;PRTB;M
1792;ERISVALDO DE SOUSA AGUIAR;PROS;M
1793;MARCO ANTONIO BIOTO;PSC;M
1794;UBIRADILSON DA SILVA;DC;M
1795;UBIRAJARA DE ARAUJO MORAIS;AGIR;M
1796;MARIA VILMA FIGUEIREDO DA SILVA JACINTO;PODE;F
1797;ELIANDRO SILVA DIAS;PMN;M
1798;ANDERSON HENRIQUE PINTO;PMB;M
1799;ADEMIR WELLITON DE OLIVEIRA;PATRIOTA;M
1800;BOAVENTURA PEREIRA SANTOS;AVANTE;M
1801;JOSÉ CARLOS CARRASCOSA DOS SANTOS;PSDB;M
1802;ROBERTO CASTRO COSTA;PRTB;M
1803;VALDOMIRO NUNES DE QUEIROZ;SOLIDARIEDADE;M
1804;MARCOS VITOR LESSA;PTB;M
1805;MÁRIO COROCHEL NETO;AVANTE;M
1806;JOÃO BOSCO LOURENÇO;PROS;M
1807;BRAZ PEREIRA;PRTB;M
1808;BRIGIDA CAIRES DINARDI;SOLIDARIEDADE;F
1809;BRIGIDA PINATTI AMATTE;REPUBLICANOS;F
1810;ELIANA ATTINI PALMIERI;REPUBLICANOS;F
1811;BRUNA DIAS FURLAN VICENTE;PSDB;F
1812;BRUNA CHAMAS BIONDI;PSOL;F
1813;BRUNO DE OLIVEIRA ALVES;PDT;M
1814;BRUNO TIAGO DA SILVA BRANDINO;NOVO;M
1815;BRUNO DE SOUSA ALVES;MDB;M
1816;BRUNO RAMOS DA SILVA;PT;M
1817;BRUNO LOPES ROVAI;PATRIOTA;M
1818;BRUNO LUCIANO MEIRA MARTINS;SOLIDARIEDADE;M
1819;BRUNO ZAMBELLI SALGADO;PL;M
1820;MARCO AURELIO MOREIRA ROQUE;REPUBLICANOS;M
1821;AGEU DA CRUZ ALMEIDA;PTB;M
1822;ANDERSON FABIANO PUPO FERNANDES;PL;M
1823;ANDRÉA PAROLIN PAVANI PERINOTI;PSD;F
1824;ANGELO PAULINO DA SILVA;PV;M
1825;ANNE CAROLINE SILVA;PL;F
1826;CELIMAR GOMES DA SILVA;SOLIDARIEDADE;M
1827;DEYCON FRANCISCO DA SILVA;PTB;M
1828;EDMAR DIAS BRITO;PRTB;M
1829;MAURÍCIO FERREIRA LIMA;PSC;M
1830;LÔIDE CAMILO SOUZA FIUZA DE CARVALHO;REPUBLICANOS;F
1831;REGINALDO DA ROCHA MÁXIMO;PMB;M
1832;MARCELLO MAZÁRIO COSTA;PMN;M
1833;OLAIR FERNANDO SOARES;PMB;M
1834;JOEL BATISTA RAMOS;PSC;M
1835;RENATO DE SOUZA OLIVEIRA;PATRIOTA;M
1836;SANDRA CANDIDO MORETTI;MDB;F
1837;CLÁUDIO DO NASCIMENTO TORRES;PSC;M
1838;LUCIANO ZACCHIA DE ARAUJO;AVANTE;M
1839;CACILDA SANTOS MAGALHÃES;REPUBLICANOS;F
1840;MARCOS LUIZ ABDO DE SIQUEIRA;AGIR;M
1841;CARLOS EDUARDO PEREZ;NOVO;M
1842;CAIO ALEXANDRE GOMES DA SILVA;PSC;M
1843;CAIO HENRIQUE DA SILVA;PMN;M
1844;CAIO FIORI DIAS;PP;M
1845;CAIO ALEXANDRE RAMOS FORCEL;SOLIDARIEDADE;M
1846;CAIO FRANÇA DE GOUVÊA GOMES;PSB;M
1847;CAIO VINICIUS DE MOURA LUZ;MDB;M
1848;CAIQUE MAFRA BARBOSA;REPUBLICANOS;M
1849;CLAUDIO LUIS CAIVANO;PTB;M
1850;PEDRO ADERSON FURTADO SOARES;AVANTE;M
1851;CAMILA CRISTINA BRITO;AGIR;F
1852;CAMILA GRASIELE SANGREGORIO SOARES;UNIÃO;F
1853;CAMILA TAPIA ROJAS SEGATO;PSB;F
1854;ABEL FELIX CAMPOS NETO;PMB;M
1855;ANTONIO CARLOS DE CAMPOS MACHADO;AVANTE;M
1856;ALISSON GUIMARÃES PEREIRA DE SOUZA;PL;M
1857;LUIZ CARLOS DE PAULA;MDB;M
1858;JOSE BRAZ DE OLIVEIRA JUNIOR;PL;M
1859;ROBERVAL CONTE LOPES LIMA;PL;M
1860;GUILHERME LAZO SOLANO NETO;PP;M
1861;RAFAEL HENRIQUE CANO TELHADA;PP;M
1862;LUIZ CLAUDIO VENANCIO ALVES;UNIÃO;M
1863;CLAUDINEI VIEIRA SOARES;PRTB;M
1864;IRENIO OLIVEIRA CARDOSO;PMB;M
1865;CARINA VITRAL COSTA;PC do B;F
1866;CLEONICE ALVES SANTOS;AGIR;F
1867;CARLA SARDANO MORANDO;PSDB;F
1868;CARLOS ROBERTO DE OLIVEIRA;PT;M
1869;CARLOS AUGUSTO DOS SANTOS;SOLIDARIEDADE;M
1870;CARLOS EDUARDO PIGNATARI;PSDB;M
1871;CARLOS FERNANDO SERRA DO NASCIMENTO;PMB;M
1872;CARLOS AGUIAR DE ANDRADE;PL;M
1873;CARLOS ALBERTO BOARINI;PP;M
1874;CARLOS EDUARDO UTUARI;PSD;M
1875;CARLINHO NASCIMENTO SILVA;AGIR;M
1876;CARLOS ALBERTO ROSSI;PSB;M
1877;CARLOS AUGUSTO ABRANCHES;CIDADANIA;M
1878;CARLOS AUGUSTO RODRIGUES;PCO;M
1879;JOSE CARLOS FERREIRA DA SILVA;AGIR;M
1880;CARLOS CEZAR DA SILVA;PL;M
1881;CARLOS AUGUSTO DA CUNHA SILVA;CIDADANIA;M
1882;CARLOS ALBERTO FABRINI;PATRIOTA;M
1883;CARLOS ALBERTO GIANNASI;PSOL;M
1884;CARLOS LEDUAR DE MENDONÇA LOPES;PTB;M
1885;CARLOS LOTHAR KAUTZA;UNIÃO;M
1886;ANTONIO CARLOS TRIGO;PDT;M
1887;CARLOS ANTONIO VILELA;PSD;M
1888;MARIA DO CARMO PORTELA RUMBO;PODE;F
1889;CARMEN DA SILVA FERREIRA;PSB;F
1890;CAROLINE STAFOKER DA SILVA;NOVO;F
1891;CAROLINE GOMES FERREIRA DE MELLO;CIDADANIA;F
1892;CAROLINA CASSACA NOEL;PROS;F
1893;CAROLINA RIBEIRO FREITAS;PSDB;F
1894;CAROLINE STEINMETZ;PSD;F
1895;CAROLINA ZANIRATO BUZONI;NOVO;F
1896;CAROLINA ANGELELLI;PSD;F
1897;MARIA CAROLINA DA SILVA TAVARES CRUZ;AGIR;F
1898;EBION PEREIRA DA COSTA;PROS;M
1899;JORGE LUIS CARUSO;MDB;M
1900;CASSIANE DE MELO FERNANDES;MDB;F
1901;CASSIANO ROSADO CORREIA;PSB;M
1902;CASSIO LUIZ DE OLIVEIRA;PTB;M
1903;CÁSSIO DE CASTRO NAVARRO;MDB;M
1904;OSCAR CASTELO BRANCO DE LUCA;PL;M
1905;CÁTIA DOS SANTOS MACHADO;PSOL;F
1906;OSVALDO SANTOS DA SILVA;PMN;M
1907;JOAO VIANELLE PINTO;AGIR;M
1908;AMILCAR MARCEL DE SOUZA;PV;M
1909;CECILIA CLAUDINO GOMES DO AMARAL PEREIRA;UNIÃO;F
1910;CECILIA RANIELE ROSAL SALVADOR;PTB;F
1911;CÉLIA CAMARGO LEÃO EDELMUTH;PSDB;F
1912;CELSO DA SILVA;PSB;M
1913;CÉSAR CAPUTO GUIMARÃES;PSB;M
1914;CESAR MICHELON LOUREIRO SANTANA;PDT;M
1915;CESAR ROCHA ANDRADE DA SILVA;UNIÃO;M
1916;CESAR EDUARDO GARCIA;DC;M
1917;ANTONIO DA ROCHA MARMO CEZAR;PDT;M
1918;LEONARDO DA SILVA BRIGAGÃO;PODE;M
1919;LAURINDO LUIZ CHARBEL MOURA;DC;M
1920;CHARLES DOS ANJOS;PODE;M
1921;CHARLES DOS SANTOS PEREIRA;PTB;M
1922;CHARLES ROBERTO PAES;PSB;M
1923;CHAYNI MELO DA SILVA;REPUBLICANOS;F
1924;MARCOS ANDRE DE OLIVEIRA;PATRIOTA;M
1925;HUGO DANTAS DA SILVA;REPUBLICANOS;M
1926;CHEILA MARIA SUBENKO OLALLA;PT;F
1927;ALEXANDRE CHICHURRA;AVANTE;M
1928;FRANCISCO ANTONIO DA SILVA;PATRIOTA;M
1929;FRANCISCO PEREIRA LIMA;PSDB;M
1930;FRANCISCO DA COSTA NETO;PSD;M
1931;MARCELO LEANDRO BRAGA PALINI;PP;M
1932;ANTONIO EDUARDO DOS SANTOS;PSD;M
1933;CHIRLEY MARIA DE SOUZA ALMEIDA SANTOS;PSOL;F
1934;ANDERSON REITANO RICARDO;UNIÃO;M
1935;CHRISTINA MASSIS DELLA TORRE LEMES;PROS;F
1936;EDNA CHRISTINA SANTIAGO;PSC;F
1937;CICERA SEVERINA DA CONCEIÇÃO MUSA;NOVO;F
1938;ANTONIO CÍCERO FERREIRA DE ARAUJO;PATRIOTA;M
1939;CÍCERO LUIZ DE BRITO;MDB;M
1940;CÍCERO JOSÉ DE GOUVEIA;PMN;M
1941;CICERO JOÃO DA SILVA;PSD;M
1942;JOSE CICERO FERREIRA DE LIMA;AGIR;M
1943;CICERO APARECIDO DE MELO;UNIÃO;M
1944;CICERO SEBASTIAO DE ARAUJO;PRTB;M
1945;CÍCERO PEREIRA DO VALE;PMN;M
1946;MARIA APARECIDA SANTOS ARAUJO;AGIR;F
1947;MARIA APARECIDA DA COSTA BATISTA;PODE;F
1948;MARIA APARECIDA AIRES DA SILVA;PSOL;F
1949;APARECIDO MOREIRA DA SILVA;PTB;M
1950;JOSÉ APARECIDO ALVES;PSB;M
1951;CINTIA APARECIDA DE MATOS;PDT;F
1952;CINTIA VANESSA GOMES;PSOL;F
1953;CLARICE CARASSOL AREVALO GANEM;PODE;F
1954;ANA CLAUDIA PERES LUCAS LOPES;PL;F
1955;CLAUDETE MARTINS SANTOS DE ANDRADE;PSC;F
1956;CLAUDETE FERREIRA DA SILVA;MDB;F
1957;CLAUDIA CARVALHO DA ROCHA;PRTB;F
1958;CLAUDIA VISONI;PV;F
1959;ANA CLAUDIA LEITE FERRARI;UNIÃO;F
1960;CLAUDIA SILVIA MACHADO DA SILVA;REPUBLICANOS;F
1961;CLAUDIA APARECIDA DE MELLO MONTANARI;PSOL;F
1962;CLAUDIA URIAS;PSD;F
1963;CLAUDIA VALDENIA GOMES MAIA;PMB;F
1964;CLAUDIO JOSÉ DE OLIVEIRA GONÇALVES;PDT;M
1965;CLAUDIO CESAR SILVA APOLINARIO;PSD;M
1966;CLAUDIO AUGUSTO PEREIRA;PTB;M
1967;CLAUDIO BENVINDO BARBOSA;PSOL;M
1968;CLAUDIO OLIVEIRA DE MESSIAS;PSB;M
1969;CLAUDIO FERNANDO DE AGUIAR;PL;M
1970;CLAUDIO MARTINS NEVES DE FRANCA;PRTB;M
1971;CLÁUDIO DE OLIVEIRA LEOPOLDO;PMN;M
1972;CLAUDIO MASANOBU TERASAKA;REPUBLICANOS;M
1973;CLEBER BROCH;PATRIOTA;M
1974;CLEBER NUNES DOS SANTOS;PMN;M
1975;CLEBER DA SILVA;PSOL;M
1976;CLEMILTON ALVES DA SILVA;REPUBLICANOS;M
1977;CLEONICE APARECIDA PEREIRA DA SILVA;PMB;M
1978;CLEUSA APARECIDA DOS SANTOS;REPUBLICANOS;F
1979;CLODOALDO APARECIDO DE MORAES;PL;M
1980;LINDINALVA ZEFERINO DE AZEVEDO;PP;F
1981;JOSÉ DILSON DAS CHAGAS;PSB;M
1982;ROBINSON FARINAZZO CASAL;PDT;M
1983;MONIZ JOSE BIELAWSKI RIBEIRO;PATRIOTA;M
1984;ADALBERTO JOSÉ FERREIRA;PL;M
1985;ADRIANA CRISTINA SGRIGNEIRO NUNES;UNIÃO;F
1986;AMERICO MASSAKI HIGUTI;PL;M
1987;MIGUEL AFFONSO COIMBRA NETO;PRTB;M
1988;LUIZ ANTONIO DINIZ DE ALMEIDA;REPUBLICANOS;M
1989;DJALMA DE LIMA SANTOS;PRTB;M
1990;FABIO ROGÉRIO CANDIDO;PL;M
1991;FERNANDO LUIS COUTINHO NEVES;PMB;M
1992;HELENA DOS SANTOS REIS;REPUBLICANOS;F
1993;BENEDITO ROBERTO MEIRA;UNIÃO;M
1994;PAULO AUGUSTO LEITE MOTOOKA;REPUBLICANOS;M
1995;RELDER SANDRO DE SOUZA FIALHO;PSC;M
1996;ROGÉRIO SILVA PEDRO;PSD;M
1997;NELSON PEDRO ROJA JUNIOR;PATRIOTA;M
1998;LUIS HENRIQUE USAI;PRTB;M
1999;VALDECI SILVA JUNIOR;PRTB;M
2000;WAGNER RODRIGUES;PP;M
2001;BENEDITO RODRIGUES CORREA;REDE;M
2002;ELI CORREIA DE MELO;SOLIDARIEDADE;M
2003;COSMO DAMIÃO FREITAS CID;PSB;M
2004;MARCELO AUGUSTO MARTINS COUBASSIER;AVANTE;M
2005;EDIMAR CANDIDO DE LIMA;MDB;M
2006;CRISTIANE BANHOL;PSTU;F
2007;CRISTINA ALVES DE GODOY;PTB;F
2008;CRISTIANE NOVAK;PRTB;F
2009;MARIA CRISTINA DE OLIVEIRA;NOVO;F
2010;CRISTIANE PEREIRA MACEDO;NOVO;F
2011;CRISTIANE AQUINO PASTOR;PDT;F
2012;CRISTIANE SILVA DE ALMEIDA SANTOS;PODE;F
2013;CRISTIANE ALEXANDRE MENDES;PV;F
2014;MARIA CRISTIANE PINHEIRO;MDB;F
2015;CRISTIANO ALEXANDRE DA SILVA;SOLIDARIEDADE;M
2016;CRISTIANO MOREIRA PINTO BERALDO;UNIÃO;M
2017;CRISTINA DOS SANTOS;PTB;F
2018;CRISTINA APARECIDA TEIXEIRA CORDEIRO DE JESUS;PTB;F
2019;ANTONIO DA CUNHA LIMA;PRTB;M
2020;CYNTHIA MICHELS;PSB;F
2021;DACIO BERALDO BICUDO;PV;M
2022;ANTONIO D'AGOSTINO;PRTB;M
2023;DAILAS RODRIGUES DA SILVA SOARES;AGIR;F
2024;ANTONIO DIRCEU DALBEN;CIDADANIA;M
2025;DALCIDES BATISTA DA SILVA NETO;MDB;M
2026;DALTON TADEU IZZO JUNIOR;PMB;M
2027;DANIELE SOUZA AKAMINE;MDB;F
2028;DANIELE MAZUQUELI ALONSO;PL;F
2029;DANIELLE MARINHO RABELO;PDT;F
2030;DANIELA APARECIDA RODRIGUEIRO;PDT;F
2031;DANIEL HENRIQUE SILVA BASSI;PSDB;M
2032;DANIEL RODRIGUES BRANDO;PMB;M
2033;DANIEL GIROTTO;MDB;M
2034;DANIEL DA ROCHA MARTINI;PODE;M
2035;DANIEL JOSÉ MILLER DE AZEVEDO;PP;M
2036;DANIEL ARAUJO NEVES SANTIAGO LIMA;PODE;M
2037;DANIEL BEZERRA RIBEIRO SOARES;UNIÃO;M
2038;MARIA DANIELA NOGUEIRA DONI;AGIR;F
2039;MARIA DANIELA NOGUEIRA DONI;AGIR;F
2040;DANIELLE SANTOS SILVA;PSDB;F
2041;DANIELLI CRISTIAN CARDOSO RÔA;NOVO;F
2042;DANILO BERTIPAGLIA BARNABÉ;PL;M
2043;DANILO PRISEAJNIUC BIFONE;PSOL;M
2044;DANILO CESAR CAMPETTI;REPUBLICANOS;M
2045;DANILO MARTINS DE OLIVEIRA FRANÇA;PMB;M
2046;DANILO RIDYER PALMA;PMB;M
2047;DANIELLE GOMES DE CARVALHO;PRTB;F
2048;DANIELE ANSELMO DE MORAIS;PRTB;F
2049;IRANILDO DANTAS;PROS;M
2050;DARCI RAMOS VITÓRIO;PSOL;M
2051;DÁRIO CASSIANO DE SOUZA;PSC;M
2052;DAVI BENEDITO DOS SANTOS;PATRIOTA;M
2053;DAVI PIRES BATISTA;AVANTE;M
2054;DAVI AMORIM DE OLIVEIRA;AVANTE;M
2055;DAVID CRISTIAN DE OLIVEIRA;AVANTE;M
2056;CHU NENG TE;PROS;M
2057;DAVID MONTEIRO DE MELLO;PRTB;M
2058;DAVID DOS REIS RODRIGUES SABACIANSKIS;SOLIDARIEDADE;M
2059;DAVID SANTANA DA SILVA;PSB;M
2060;JOSÉ ALVIM FILHO;SOLIDARIEDADE;M
2061;DÉBORA ALVES CAMILO;PSOL;F
2062;DÉBORA CRISTIANE FIRMO DORIA;PSOL;F
2063;DÉBORA MARCONDES SILVA FERRARESI;PSDB;F
2064;DEBORA MEIKO IKEJIRI;SOLIDARIEDADE;F
2065;DEBORA CRISTINA DA MOTA;PROS;F
2066;DECIO MARMIROLLI;PSD;M
2067;EDVAN JOSE DOS SANTOS;PSB;M
2068;DEIDILAN LIANG CORREIA DE SOUZA;PMN;M
2069;ANDREIA TEIXEIRA BATISTA;PT;F
2070;DEISE DUARTE;PODE;F
2071;DEJANIRA VICENCIA SANTOS ALVES;PDT;F
2072;ADAUTO VIANA JUNIOR;PTB;M
2073;GRACIELA DE LOURDES DAVID AMBROSIO;PL;F
2074;MARISTELA MORESCHI RIBEIRO NADER;PODE;F
2075;RAQUEL KOBASHI GALLINATI LOMBARDI;PL;F
2076;ADOLPHO HENRIQUE DE PAULA RAMOS;MDB;M
2077;FABIANO RUEDA AMORIM;SOLIDARIEDADE;M
2078;GUSTAVO MESQUITA GALVÃO BUENO;PSC;M
2079;HELIO BRESSAN;PSD;M
2080;HUGO PEREIRA DE CASTRO;PL;M
2081;ANTONIO ASSUNÇÃO DE OLIM;PP;M
2082;RENATO PUPO DE PAULA;PSDB;M
2083;REINALDO RÚBIO RODA;PSB;M
2084;LUIZ AUGUSTO ROMANI DE OLIVEIRA;PROS;M
2085;DENIVIA ROSA DOS SANTOS OLIVEIRA;PTB;F
2086;DENE IRENO DE SOUSA;PTB;F
2087;DEOCLÉCIO KAWAHATA PLACCO;PATRIOTA;M
2088;DEOMERCE DE SOUZA DAMASCENO;UNIÃO;M
2089;MARIA DAS MERCES CANDIDA DE ARAUJO;AVANTE;M
2090;MARCELO RIBEIRO COSTA;PP;M
2091;RAPHAEL DIAS FERNANDES NETO;PROS;M
2092;ALDENIR DIAS DOS SANTOS;PSOL;M
2093;DIEGO LOPES DEL RIO;MDB;M
2094;DIEGO WEIDEMANN RACHE VITELLO;PSOL;M
2095;DIEGO VOLGARINE PARDAL;PSC;M
2096;ADRIANO SANTANA DOS SANTOS;PODE;M
2097;FRANCISCA NILMAR ARRAES MANOEL;PT;F
2098;DILSO PANTALEÃO MANZANO;PATRIOTA;M
2099;DINACI FERREIRA OLEAN;PSDB;F
2100;MOISES JULIANO MONTIEL;SOLIDARIEDADE;M
2101;DIONE FRANCISCO DA SILVA;PRTB;F
2102;RICARDO REIS DE OLIVEIRA;MDB;M
2103;DJALMA NERY FERREIRA NETO;PSOL;M
2104;WENDELL BRAZ NICOLICHE;PTB;M
2105;DOUGLAS AMPARADO CABRAL;PSB;M
2106;CELSO DA LUZ GUEDES;PMN;M
2107;DOMINGOS COSTA MINÉZIO GALLÉ;PSDB;M
2108;AUREA ROCHA;REPUBLICANOS;F
2109;SEVERINA BENEDITA DA SILVA;PRTB;F
2110;JURACY DA CONCEIÇÃO DOS SANTOS;UNIÃO;M
2111;GERLANY FELISMINO DE LIMA ROCHA;REPUBLICANOS;F
2112;MARIA ROSA DE ALBUQUERQUE;DC;F
2113;ANTONIO DONATO MADORMO;PT;M
2114;LUIZ CARLOS DONEGÁ NETO;REPUBLICANOS;M
2115;DONIZETI APARECIDO ALVES FERREIRA;PV;M
2116;DORALICE SOUZA MATOS FAUSTINO;PMN;F
2117;MARIA DAS DORES ALVES SILVA;PV;F
2118;DOUGLAS AUGUSTO PINHEIRO DE OLIVEIRA;PDT;M
2119;DOUGLAS ALBERTO SANTOS;REPUBLICANOS;M
2120;DOUGLAS BORGONI;PODE;M
2121;DOUGLAS KAJFES GARCIA;PMB;M
2122;DOUGLAS MARTINS DE SOUZA;PT;M
2123;DOUGLAS SOLANO DAS NEVES;AGIR;M
2124;DOUGLAS HENRIQUE DE OLIVEIRA;NOVO;M
2125;LI LI MIN;CIDADANIA;F
2126;JOÃO VANE CAVALCANTI REIS;AVANTE;M
2127;ADEMIR MARTINS BOAVENTURA;MDB;M
2128;ALDO FERNANDO NUNES;PODE;M
2129;MARCOS MONTANI CASEIRO;PT;M
2130;CASEMIRO DOS REIS JÚNIOR;PDT;M
2131;LUIZ DE SOUSA CHAGAS;AVANTE;M
2132;JOSÉ GARRIS DEL VALLE;PSD;M
2133;DIOGO DE FREITAS VALEIRO GARCIA;NOVO;M
2134;EDISON LOURENÇO RICCOMI;REPUBLICANOS;M
2135;EDSON RODRIGUES;PODE;M
2136;EDUARDO CARNEIRO MARTINS;PODE;M
2137;CARLOS EDUARDO NOBREGA;PODE;M
2138;ELVIO ANTONIO PINOTTI NETO;PODE;M
2139;FABRICIO SANCHES MESTRINER;PSB;M
2140;FERNANDO LUCCHESI ANTUNES DE OLIVEIRA;PSD;M
2141;FLAVIO ROBERTO SALATINO;PP;M
2142;CARLOS JOSE GASPAR;UNIÃO;M
2143;HERY WALDIR KATTWINKEL JUNIOR;SOLIDARIEDADE;M
2144;HUMBERTO YUTAKA NAKAMURA;PSD;M
2145;JOSE CARLOS RICARDO;PROS;M
2146;LEANDRO ALTRÃO MARTINES;PSB;M
2147;LINDEMBERG MELO GONCALVES;PTB;M
2148;MARCELO COSTA MORAES;PTB;M
2149;MARCOS MENDES DA SILVA;PODE;M
2150;MAURO CESAR RAMOS DE ALMEIDA;MDB;M
2151;MOHAMED AHMED YOUSSEF;MDB;M
2152;PEDRO LUIZ CONTI MARIOZI;REPUBLICANOS;M
2153;JOSEPH RAFFOUL JUNIOR;PL;M
2154;RAUL APARECIDO GONÇALVES PAULA;PODE;M
2155;RENAN MARINO;PATRIOTA;M
2156;RENE SILVEIRA;PRTB;M
2157;ROBERTO MIGUEL REY JUNIOR;PODE;M
2158;RICARDO DIAS;AVANTE;M
2159;RICARDO CRUZ DE REZENDE PAOLIELLO;PTB;M
2160;ROBERTO ROGERIO SOARES;PSD;M
2161;RODRIGO FEITOSA LOPES;PODE;M
2162;ROMAR WILLIAM CULLEN DELLAPIAZZA;MDB;M
2163;VESPASIANO SAULO DA COSTA E SILVA;PSB;M
2164;SIDNEI TAVARES MEDEIROS;PDT;M
2165;VALDOMIRO LOPES DA SILVA JUNIOR;PSB;M
2166;VONG IEK LEONG;PSDB;M
2167;WAGNER BAPTISTA RIGUEIRA;PODE;M
2168;ADOLFO BASSO;PDT;M
2169;AGNALDO PISCOPO;SOLIDARIEDADE;M
2170;ALAN EDUARDO DE PAULA;SOLIDARIEDADE;M
2171;JOSE ALCY PINHEIRO SUBRINHO;PATRIOTA;M
2172;CLODOALDO ALVES DE AMORIM;PTB;M
2173;ANDRÉ GASPARINI SPADARO;PSDB;M
2174;CARLOS WEVERTON ORTEGA SANCHES;REPUBLICANOS;M
2175;EDSON GARCIA;AGIR;M
2176;CESAR BENEDITO ALVES;AGIR;M
2177;CLAUDINEI LUIS DA SILVA;UNIÃO;M
2178;CONSTANTINO CURY NETO;PT;M
2179;EDMILSON PINTO CARDOZO;PDT;M
2180;ELTON ALVES RIBEIRO DE CARVALHO JUNIOR;PSC;M
2181;ERNESTO ANTONIO MATTOS;PATRIOTA;M
2182;ESTANISLAU MATIAS BARROS;PSDB;M
2183;EVANDRO PEREIRA DOS REIS;PTB;M
2184;JORGE DO CARMO SILVA;PT;M
2185;JOSÉ ANTÔNIO FERREIRA;PSB;M
2186;LAERCIO SANDES DE OLIVEIRA;UNIÃO;M
2187;LUIS CLAUDIO LAPENA BARRETO;PATRIOTA;M
2188;LEANDRO ROMEO PECCEQUILLO FREIRE;PSOL;M
2189;MARCO AURELIO MIETO DOMINGUES;PTB;M
2190;LEONARDO CÉSAR TASSINARI;PV;M
2191;MARCOS ROGERIO MANTEIGA;PTB;M
2192;PAULO SÉRGIO CONTADOR MIRAS;NOVO;M
2193;PAULO NUNES PINHEIRO;UNIÃO;M
2194;RENATO SALVADOR MARTINS;PTB;M
2195;RICARDO ALEXANDRE ZUPIROLLI;PMB;M
2196;RODNEY DE PAIVA;MDB;M
2197;SALVADOR FERREIRA DA SILVA JUNIOR;AGIR;M
2198;VANDERLEI GROSSI DA SILVA;PRTB;M
2199;ANGELA GISELDA RUSSO PUCCIA DE LIMA;PATRIOTA;F
2200;CRISTIANE VIVIAN ALVES GOMES;PODE;F
2201;DAMARIS DIAS MOURA KUO;PSDB;F
2202;DANIELA DE OLIVEIRA SOUZA SOUTO;PP;F
2203;DENISE FERNANDES DE SOUZA PANTALEÃO;PSOL;F
2204;ERIKA STANCOLOVICHE VEIGA;REPUBLICANOS;F
2205;JÉSSIKA RUSSO MACHADO;PMN;F
2206;LILIANE DURCE;PTB;F
2207;LOREDANA NOCITO SALAMONE;AVANTE;F
2208;LUCINEIA DOS SANTOS;AVANTE;F
2209;MARCIA TAPIGLIANI BAPTISTA;PL;F
2210;MARCIA APARECIDA TASCHETTI;PP;F
2211;MARIA ALICE FERNANDES MOSTARDINHA;PATRIOTA;F
2212;MAYRA ROSANNA GAMA DE ARAÚJO SILVA DA COSTA;REPUBLICANOS;F
2213;MIRIAM LUZ GIANNONI;PODE;F
2214;MONICA BATALHA PRADO;PL;F
2215;NUBIA DE JESUS SANTOS;PDT;F
2216;NÚBIA CRISTINA SILVÉRIO;PSD;F
2217;NURIA DANIELA GALLÃO ARTHUZO;PTB;F
2218;OSTERLAINE HENRIQUES ALVES;UNIÃO;F
2219;FRANCISCA QUELINDEJARA VASCONCELOS SOBIESKI;AVANTE;F
2220;SANDRA REGINA VIEIRA;MDB;F
2221;SILMARA CRISTIANE DA SILVA POMPOLLO;AGIR;F
2222;TATIANA REGINA CRISCUOLO;PL;F
2223;THELMA ELAINE BRASILEIRO ROBERTI;PL;F
2224;ANA ROSA TEIXEIRA DE ARAUJO;UNIÃO;F
2225;ANGELA TORRES PRADO;PTB;F
2226;CAROLINA MALAVAZZI GALVÃO;PT;F
2227;CRISTIANY DE CASTRO;PL;F
2228;MARIA ESTELA CAPELETTI DA ROCHA;PMB;F
2229;FLORISA BATISTA DE ALMEIDA;SOLIDARIEDADE;F
2230;GRAZIELA COSTA LEITE;PSB;F
2231;LIGIA MAYUMI FUNAKI;PMB;F
2232;SONIA APARECIDA GONÇALVES BELARMINO;REPUBLICANOS;F
2233;ADRIANO DE OLIVEIRA SILVA DOS SANTOS;PSB;M
2234;EDUARDO LIMA DE SOUZA;PODE;M
2235;MARIA EDUARDA ALENCAR HIDALGO;PT;F
2236;DULCINEIA COELHO DA SILVA;PMB;F
2237;DULCE RITA CHAVES DE ANDRADE DABKIWICZ;PSDB;F
2238;MARIO EDUARDO DA SILVA;REDE;M
2239;RUBENS EDUARDO DOCAMPO ANTONINI;REDE;M
2240;EDGARD TAKASHI SASAKI;PSDB;M
2241;EDILEIDE SILVA;PATRIOTA;F
2242;EDIANE MARIA DO NASCIMENTO;PSOL;F
2243;EDILMA MARIA DA SILVA;REDE;F
2244;EDILSON FÉLIX GUIMARÃES;DC;M
2245;EDILSON GUARNIERI;PTB;M
2246;EDILSON RODRIGO NOGUEIRA MARCIANO;REDE;M
2247;EDINALVA NUNES DE JESUS;PSD;F
2248;EDIVALDA CORDEIRO DE LIMA SILVA;AGIR;F
2249;EDIVALDO SILVA MEIRA;PSC;M
2250;EDMILSON SOUZA SANTOS;PSOL;M
2251;EDMIR JOSE ABI CHEDID;UNIÃO;M
2252;EDNA DA SILVA DELLA NINA;PT;F
2253;EDNA BEZERRA SAMPAIO FERNANDES;REPUBLICANOS;F
2254;EDNA PENHA DA SILVA;PSB;F
2255;EDNA MARIA VERTELLO SILVA;REPUBLICANOS;F
2256;EDNEI APARECIDO VALENCIO;AVANTE;M
2257;EDNELSON PACHECO FERREIRA;PDT;M
2258;EDNEY BENEDITO SAMPAIO DUARTE JÚNIOR;NOVO;M
2259;EDSON NASCIMENTO DE OLIVEIRA;SOLIDARIEDADE;M
2260;EDSON ELIAS KHOURI;PSB;M
2261;EDSON FERREIRA DE JESUS;PROS;M
2262;EDSON DE OLIVEIRA GIRIBONI;UNIÃO;M
2263;EDSON TEIXEIRA;NOVO;M
2264;EDSON MORO JUNIOR;PROS;M
2265;EDSON FLORINDO PEREIRA;PSB;M
2266;EDSON ANTONIO DE SOUZA;REPUBLICANOS;M
2267;EDSON PIRES SALOMÃO;REPUBLICANOS;M
2268;EDUARDO ALMEIDA PERES;NOVO;M
2269;EDUARDO APARECIDO ALEIXO;PATRIOTA;M
2270;EDUARDO OLIVEIRA DE ARAUJO;PP;M
2271;LUIZ EDUARDO PENTEADO BORGO;PMB;M
2272;EDUARDO DIAS DE BRITO;PATRIOTA;M
2273;EDUARDO JOSE CORNELIO DE OLIVEIRA;PMB;M
2274;EDUARDO JOAQUIM DE OLIVEIRA;PROS;M
2275;EDUARDO LUIZ;PSB;M
2276;EDUARDO DOS REIS MAGOGA;PODE;M
2277;EDUARDO NASCIMENTO;PSB;M
2278;CARLOS EDUARDO PLACUCCI;AVANTE;M
2279;CARLOS EDUARDO RICATTO;PP;M
2280;JOSÉ EDUARDO DOS SANTOS;PODE;M
2281;EDUARDO SILVA NICOLAU DE SOUZA;SOLIDARIEDADE;M
2282;EDUARDO MATARAZZO SUPLICY;PT;M
2283;CARLOS EDUARDO THOMAZ PEDROSO;PL;M
2284;EDVALDO XAVIER CAVALCANTI;UNIÃO;M
2285;EDVAN LIMA BARBOSA;PMB;M
2286;EFANEU NOLASCO GODINHO;PSD;M
2287;EIDA SILVA DOS SANTOS AZEVEDO;MDB;F
2288;MARIA APARECIDA BORGES DE MACEDO;PODE;F
2289;ELAINE CRISTINA RODRIGUES;AVANTE;F
2290;ELAINE CRISTINA PUPE DE MORAIS;PMB;F
2291;ELENICE MARIA DE OLIVEIRA;PROS;F
2292;ELIANA PAULA CARETI;UNIÃO;F
2293;ELIANA CONRADO GOTTSFRITZ FERNANDES;PODE;F
2294;ELIANA CRISTINA DA SILVA PASCON;PATRIOTA;F
2295;ELIANA SÃO ROQUE MARTINS;PMB;F
2296;ELIANE MARIA DE SANTANA OLIVEIRA;PSC;F
2297;ELIAS DOS SANTOS BITENCOURT;AGIR;M
2298;ELIEZER ALMEIDA GUIMARÃES;PSOL;M
2299;ELISANGELA ALCANTARA DA SILVA GONZALEZ;PP;F
2300;ELISÂNGELA VENTURA ROCHA;PODE;F
2301;ELISANDRA APARECIDA DA SILVA RODRIGUES DE ALMEIDA;DC;F
2302;ELISANDRA PEDROSO FERREIRA;PSB;F
2303;ÉLITON SOUSA LEITE;REPUBLICANOS;M
2304;ELISANGELA VALINHO QUEIROZ DOS SANTOS;PMB;F
2305;ELIZEU RODRIGUES VARELA;AGIR;M
2306;ELLEN CRISTINA DE MORAES;SOLIDARIEDADE;F
2307;ELOÁ IZILDA OLIVEIRA;PROS;F
2308;ELTON CARVALHO PORTO;REPUBLICANOS;M
2309;ELVIO FERNANDEZ GONZALEZ;PSB;M
2310;ELZA DIAS AMARO;PSC;F
2311;EMERSON PEREIRA BATISTA;PTB;M
2312;EMERSON FRACAROLI;PODE;M
2313;EMERSON MARCIO VITALINO;REDE;M
2314;EMERSON ZOCCHI;PRTB;M
2315;EMIDIO PEREIRA DE SOUZA;PT;M
2316;ANTÔNIO EMÍDIO DE MORAIS;PSD;M
2317;EMÍLIO CARPANEZ FILHO;PATRIOTA;M
2318;EMILIO CURY JUNIOR;NOVO;M
2319;EMMERSON DE CAMARGO;PSB;M
2320;ENEAS SILVA FERREIRA SALES;PMB;M
2321;ADRIANA DO PRADO OLIVEIRA;DC;F
2322;ALEXANDRA DOS SANTOS MOTA;SOLIDARIEDADE;F
2323;CINTIA ROBERTA SILVA RODRIGUES;MDB;F
2324;JAQUELINE DA SILVA LIRA ARRUDA;UNIÃO;F
2325;JOANA DARQUE DA PAZ;PV;F
2326;ROSEMARA LEANDRO DA SILVA;PMB;F
2327;CARLOS LUIS GUERRA DE LIMA;AGIR;M
2328;MICHAEL DE ALENCAR ALVES;PTB;M
2329;DANIEL ROSSI;PL;M
2330;GILBERTO MEGDA;PTB;M
2331;JOSÉ CARLOS CASARINI;PP;M
2332;JOSE APARECIDO ROSA FILHO;PRTB;M
2333;DANIEL PLANA BOGALHO;REPUBLICANOS;M
2334;GETULIO DE SOUSA SANTOS;PRTB;M
2335;JUAREZ PEREIRA DIAS;PRTB;M
2336;RAFAEL POSTIGO MAZZALI;PSDB;M
2337;ROBERTO MONTEIRO;PSB;M
2338;ENID KREBSKY DE CARVALHO;PSC;M
2339;ENIO FRANCISCO TATTO;PT;M
2340;ENOC MANOEL DE SANTANA;PSOL;M
2341;ENZO LEONARDO SUZIN MOMENTI;PROS;M
2342;ERALDO NUNES GALDINO;PMB;M
2343;ERIKA TEREZA COITINHO AFFONSO;PSDB;F
2344;ERIVELTON PEREIRA RAMOS;REDE;M
2345;ERNESTO TEIXEIRA DA CUNHA;MDB;M
2346;ESTELA ALEXANDRE ALMAGRO;PT;F
2347;ESTER COSCARELLI DOMINGUES;PODE;F
2348;VALTER ESTEVAM;DC;M
2349;EUGÊNIO MIRANDA;PDT;M
2350;IVÂNGELA PEREIRA LOURENÇO;DC;F
2351;IVAN CARLOS CONSTANTINO DE OLIVEIRA;PMN;M
2352;EVELLYN JULIANA DA SILVA;PP;F
2353;EVELYN SILVA DO NASCIMENTO VICENTE DA SILVA;PT;F
2354;EVERTON REZENDE BELASCO;PRTB;M
2355;EVERTON LUIZ FERNANDES SODARIO RAIMUNDO;PATRIOTA;M
2356;FABIANA TAYANE MEDRADO DA CRUZ;PCB;F
2357;FABIA DA SILVA PORTO;PP;F
2358;FABIAN ALVES RAMOS;PRTB;M
2359;FABIANA DE LIMA BARROSO;PL;F
2360;FABIANA APARECIDA BRITO ERNANE;PATRIOTA;F
2361;FABIANO GABRIEL CARVALHO SILVA;PRTB;M
2362;FABIANO DA SILVA MONTEIRO;AGIR;M
2363;FABIO ROGERIO FAGUNDES;PP;M
2364;FABIO ADONIS PEREIRA;PSB;M
2365;FABIO DUARTE;PODE;M
2366;FABIO DUARTE JOANA;UNIÃO;M
2367;FABIO FEREZINI;AVANTE;M
2368;FÁBIO ANDRÉ CAPUTO FERRACINI;PODE;M
2369;FÁBIO CESAR FERREIRA;PSB;M
2370;FABIO MARTINS BELARMINO;PATRIOTA;M
2371;FABIO SANTOS DE OLIVEIRA;PSC;M
2372;FABIO LEANDRO CARDOSO TEIXEIRA;PODE;M
2373;FABIO DE CAMARGO TELLES;REPUBLICANOS;M
2374;FABIOLA TATCHER MARTINS RODA;CIDADANIA;F
2375;FAOUAZ TAHA;PSDB;F
2376;FÁBIO FARIAS DE SÁ;PODE;M
2377;FABRIZIO FASANO JUNIOR;PL;M
2378;MARIA DE FÁTIMA ALVES BARBOSA;PL;F
2379;MARIA DE FÁTIMA SILVA;PP;F
2380;FATIMA NASCIMENTO ALEXANDRE;PMB;F
2381;FELIPE CARMONA CANTERA;PL;M
2382;FELIPE SOUZA MURAKAMI DE FRANCO;UNIÃO;M
2383;FELIPE TALVANI SONTINI;PSC;M
2384;FELIPPE LOURENÇO OLIVEIRA COELHO;UNIÃO;M
2385;JOSE MARIA FELIX;SOLIDARIEDADE;M
2386;FERNANDA APARECIDA GOMES DA SILVA CAETANO;PRTB;F
2387;FERNANDA MORENO DA SILVA;MDB;F
2388;JOSE FERNANDES DE OLIVEIRA BARBOSA;AGIR;M
2389;FERNANDO HENRIQUE CURY;UNIÃO;M
2390;FERNANDO CESAR RAMOS;PP;M
2391;FERNANDO FERREIRA DE QUEIROZ;PATRIOTA;M
2392;FERNANDO GALVAO MOURA;UNIÃO;M
2393;FERNANDO TAVARES ARAÚJO DA SILVA;PSOL;M
2394;FERNANDO ROCHA GARCIA;PSC;M
2395;FERNANDO HENRIQUE GOMES DA SILVA;PATRIOTA;M
2396;FERNANDO DOS SANTOS MOURA;PDT;M
2397;FERNANDO SIQUEIRA MUNIZ;PP;M
2398;FERNANDO MARTINS DOS SANTOS;MDB;M
2399;FERNANDO LUIZ ISOPPO PETITI;MDB;M
2400;FERNANDO SOUZA PUGA;PT;M
2401;FERNANDO RAMOS;MDB;M
2402;FERNANDO SOARES RIBEIRO;DC;M
2403;FERNANDO PEREIRA SIRCHIA JUNIOR;PDT;M
2404;LEANDRO FERREIRA FELICIANO;PRTB;M
2405;FLEITAS FIDELES MONTEIRO;REPUBLICANOS;M
2406;ARLINDO PEREIRA FIGUEIREDO JUNIOR;PMB;M
2407;ROBERTO FIGUEIREDO JUNIOR;PRTB;M
2408;TIAGO FINESSI;PL;M
2409;FLÁVIA REGINA ROMANI;PSD;F
2410;FLAVIA MENDES GOMES;UNIÃO;F
2411;FLÁVIA APARECIDA RODRIGUES;PDT;F
2412;FLÁVIO SPINUCCI JUNIOR;PSDB;M
2413;FLAVIO RICARDO BEALL;PTB;M
2414;FLAVIO AUGUSTO OLMOS;PP;M
2415;FLORDINICE PINHEIRO;PSB;F
2416;ANTONIO JOSE FERREIRA;PRTB;M
2417;FRANCISCA PEREIRA DA ROCHA SEIXAS;PC do B;F
2418;FRANCISCO HORWATH NETO;PMN;M
2419;FRANCISCO SEVERIANO DA SILVA;PRTB;M
2420;FREDERICH GERALDO MARTINS;PSC;M
2421;EQUIMARCILIAS DE SOUZA FREIRE;PATRIOTA;M
2422;ALEXANDRE FROTA DE ANDRADE;PSDB;M
2423;JOSÉ FRANCISCO GALDINO DE CARVALHO;PP;M
2424;GABRIELA VARGAS SABINO;PSB;F
2425;GABRIEL BELÉM DOS SANTOS;PSB;M
2426;GABRIEL SILVA GOMES;PTB;M
2427;GABRIEL PINELLI FERRAZ;PODE;M
2428;GABRIEL COSTA PLACCE;PDT;M
2429;GABRIEL VIGHY DE CARVALHO;PCB;M
2430;JORGE GABRIEL GRASI;PODE;M
2431;GABRIELY DE LISIEUX LIMA BARBOSA;PMN;F
2432;SERGIO MATHEUS SANTOS GARCEZ;PL;M
2433;GARRY DERALUS;PT;M
2434;RODRIGO DE PAULA RUIS;PP;M
2435;GENILDO RODRIGUES CASTRO;PMN;M
2436;GENTIL ALVES DOS SANTOS NETO;AGIR;M
2437;GENTIL ALVES DOS SANTOS NETO;AGIR;M
2438;GEORGE VATUTIN HATO;MDB;M
2439;GEORGES HABIB JARROUGE;SOLIDARIEDADE;M
2440;GERALDO FERREIRA COSTA FILHO;AVANTE;M
2441;GERALDO PEREIRA FILHO;PMN;M
2442;GERALDO APARECIDO MENDES;PTB;M
2443;GERALDO ANTÔNIO DA NÓBREGA;PSB;M
2444;GERALDO NUNES REIS;SOLIDARIEDADE;M
2445;GERALDO DO NASCIMENTO;PSOL;M
2446;GERALDO RIBEIRO GUIMARÃES NETO;PSB;M
2447;GERSON BARBOSA DE SOUSA;PC do B;M
2448;GERSON DIAS PESSOA;PODE;M
2449;GERSON DOS SANTOS PIRES;PODE;M
2450;GIANE DA SILVA FERREIRA;PRTB;F
2451;GILBERTO APARECIDO BORGES;PDT;M
2452;GILDEVANIO ILSO DOS SANTOS DINIZ;PL;M
2453;GILBERTO MARQUES DO COUTO;PTB;M
2454;ANTONIO GILBERTO DA SILVA;AVANTE;M
2455;GILBERTO SANTOS SILVA DE VASCONCELOS;PSC;M
2456;GILBERTO SOARES PINHEIRO;PTB;M
2457;GIRLENIO GOMES DE OLIVEIRA;PATRIOTA;M
2458;GILMACI DOS SANTOS BARBOSA;REPUBLICANOS;M
2459;GILMAR BORGES DE ALMEIDA;AVANTE;M
2460;GILMAR DIAS PEREIRA;PMN;M
2461;GILMAR RAIMUNDO LUCAS;MDB;M
2462;GILMAR FERNANDES DE MELO;PDT;M
2463;GILMAR DE SOUZA ROCHA;PMB;M
2464;GILMAR SOUZA DOS SANTOS;REPUBLICANOS;M
2465;GILMAR VAZ DA ROCHA;AGIR;M
2466;GILSON DE SOUZA;REPUBLICANOS;M
2467;GILVANIA MEDEIROS DE OLIVEIRA;UNIÃO;F
2468;ANTONIO GINACK JUNIOR;PL;M
2469;GIOVANA LIMA DE AGUIAR;PTB;F
2470;GIOVANNA GUIMARÃES TRIPOLI VON USLAR;PSDB;F
2471;GISELE CASARIN DA SILVA;PMN;F
2472;GISELE APARECIDA DA SILVA RAMOS;UNIÃO;F
2473;GISELE CRISTINA DOS SANTOS SILVA;AGIR;F
2474;GIULIANO GRISO;MDB;M
2475;FERNANDA DA GLÓRIA GOMES;MDB;F
2476;GLORIAMAR JACINTHO;PROS;F
2477;MARIA DA GLORIA IBARRA DOS REIS;PROS;F
2478;JONEIDE GOMES LOPES;AVANTE;F
2479;LUIZ CARLOS GONDIM TEIXEIRA;UNIÃO;M
2480;MARIA GORETE DA SILVA;SOLIDARIEDADE;F
2481;GRACE LAINE PINCERATO CARREIRA DINI;PSB;F
2482;PAULINA ROSA DE SOUZA JACINTO;PMN;F
2483;OLIVIO AUGUSTO FREITAS CHAVES;UNIÃO;M
2484;GUILHERME DA COSTA AGUIAR CORTEZ;PSOL;M
2485;GUILHERME ANDREW GONÇALVES DA SILVA;PODE;M
2486;GUILHERME CESAR ZAFANI;PTB;M
2487;ANDERSON GUIMARÃES DE ALMEIDA;PMB;M
2488;JOSE GUSTAVO DUARTE DE ARAÚJO;PL;M
2489;CÉSAR AUGUSTO JOSÉ;PODE;M
2490;AUGUSTO ZACARIAS CORREA LEITE;UNIÃO;M
2491;HARLLEM GONÇALVES DE OLIVEIRA;CIDADANIA;M
2492;HEITOR ROBERTO TOMMASINI;AGIR;M
2493;HELENA IZABEL DA SILVA GOMES;PSC;F
2494;HELENA NOBUCO SUZUKI TAKADACHI;AGIR;F
2495;HELIO DONIZETE ZANATTA;PSC;M
2496;HELIO VIEIRA MALHEIROS JUNIOR;UNIÃO;M
2497;HELIO GERALDO RAMOS JUNIOR;REPUBLICANOS;M
2498;CARLOS HENRIQUE SILVESTRE GARZON;PODE;M
2499;HENRIQUE GOMES DE LIMA;PP;M
2500;HENRIQUE LOPES SILVA;PODE;M
2501;HENRIQUE MAGALHÃES TEIXEIRA;NOVO;M
2502;HERIVELTO DOS SANTOS MORAES;PT;M
2503;HIGOR DIEGO RALLA;REPUBLICANOS;M
2504;HONÓRIO MARQUES DA SILVA;REDE;M
2505;HUGO MOREIRA SANTOS;MDB;M
2506;IARA FRANCISCA DOS SANTOS;REPUBLICANOS;F
2507;IEDA MARIA NOGUEIRA SILVA;PRTB;F
2508;JOSEMAR CARLOS DE OLIVEIRA;AGIR;M
2509;INÊS PAZ;PSOL;F
2510;MARIA INES PINTO DE OLIVEIRA SANTIAGO;UNIÃO;F
2511;INES REGINA SCISCI MACIEL;PATRIOTA;F
2512;INGRID DE MENDONÇA RIBEIRO;PMB;F
2513;DAVI CICHETTO DE MORAES;PMN;M
2514;FRANCISLEY ILDECIR RODRIGUES;PATRIOTA;M
2515;FRANCISCO MARCOS IRAN AQUINO ROLIM;AVANTE;M
2516;IRAPUAN AUGUSTO PEDRO;PCO;M
2517;IRENILDE APARECIDA JULIANI DA SILVA;PSD;F
2518;IRENILDO ELIAS BARBOSA;PMN;M
2519;ELOIZA PEREIRA CORREIA;PP;F
2520;OZELITO JOSÉ BENEDITO;PSC;M
2521;ANTONIO CARLOS DOS SANTOS;AGIR;M
2522;ISABEL CRISTINA DA SILVA MARCELINO VIEIRA;PSDB;F
2523;ISABELA RODAS MESSIAS;PSB;F
2524;ISAC FELIX DOS SANTOS;PL;M
2525;ISMAEL DA SILVA SOUZA;AGIR;M
2526;ISRAEL ALEXANDRE DE SOUZA;PSDB;M
2527;ISRAEL BEZERRA DA SILVA;AVANTE;M
2528;ISTÊNIO VIANA MELLO;REDE;M
2529;ITAMAR FRANCISCO MACHADO BORGES;MDB;M
2530;IVAN APARECIDO DOS SANTOS;PROS;M
2531;IVAN PAULO PEREIRA DA SILVA;NOVO;M
2532;IVAN RIBEIRO DE BRITO;MDB;M
2533;IVETA DE SOUZA ALVES;PL;F
2534;IVONE FERNANDES DIAS DO NASCIMENTO;PSDB;F
2535;IVONE MOREIRA SANTOS;MDB;F
2536;IVANISE MARIA DE SOUSA GIAMPAGLIA;PROS;F
2537;FERNANDA DE MORAES DA SILVA;PSB;F
2538;IZABEL CRISTINA DA SILVA ANDRE;PP;F
2539;IZAQUE JOSÉ DA SILVA;PL;M
2540;JURANDIR FERREIRA SILVA;AVANTE;M
2541;JOAO BATISTA DO PRADO;UNIÃO;M
2542;JACQUELINE MARINO FERNANDES DA SILVA;AGIR;F
2543;JAE KRUN PARK KIM;PODE;M
2544;JAIME DA SILVA;PSB;M
2545;JAIRO ANZILEIRO;PDT;M
2546;JAIRO DOS SANTOS;PODE;M
2547;JAMIL AKIO ONO;SOLIDARIEDADE;M
2548;JANAINA CRISP GIULIANO CAVALCANTE;AGIR;F
2549;JANAINA BASTOS DE OLIVEIRA;PMB;F
2550;JANDYRA MASSUE UEHARA ALVES;PT;F
2551;JANDILENE PEREIRA DE LIMA GALVÃO;PROS;F
2552;JANETE ROCHA PIETÁ;PT;F
2553;JAQUELINE LILIAN BARCELOS COUTINHO;MDB;F
2554;JASPE LOPES BASTOS;PSOL;M
2555;JEAN CARLOS HERZOGENRATH DE BRITO;AVANTE;M
2556;JEFERSON MODESTO SILVA;PP;M
2557;GILBERTO JEFFERSON DE BARROS;PDT;M
2558;JEFFERSON DE JESUS NOGUEIRA;PROS;M
2559;JEFFERSON RODRIGO GOMES DA SILVA;PDT;M
2560;JÉSUA DE LIMA FERREIRA DA SILVA;AGIR;F
2561;VALDENOR DE JESUS GONÇALVES FONSECA;AVANTE;M
2562;MARCOS JESUS DOS SANTOS;PC do B;M
2563;JOSUÉ GONÇALVES;PDT;M
2564;JOAB LIRA DA SILVA;AGIR;M
2565;JOANA CATHARINA ALVES DE SOUZA;PSC;F
2566;JOÃO AGUIAR RIBEIRO;PSB;M
2567;JOÃO ALFREDO DE OLIVEIRA;PT;M
2568;JOÃO ALVES VIEIRA;MDB;M
2569;JOÃO CARLOS CARAMEZ;PSB;M
2570;JOÃO CÉSAR DE MORAES;PL;M
2571;JOÃO GABRIEL COELHO;UP;M
2572;JOÃO DA CONCEIÇÃO SILVA PAP;PMB;M
2573;JOÃO DA CONCEIÇÃO SILVA PAP;PMB;M
2574;JOÃO JORGE FADEL FILHO;PP;M
2575;JOÃO VESTIM GRANDE;NOVO;M
2576;JOÃO GUILHERME BENETTI RAMOS;PT;M
2577;JOÃO VICTOR MATTA DIAS FERREIRA;PDT;M
2578;JOAO BATISTA DE OLIVEIRA;AGIR;M
2579;JOAO BATISTA ROCHA;UNIÃO;M
2580;JOEL DE OLIVEIRA;PRTB;M
2581;JOEL MOREIRA PASSOS JUNIOR;PV;M
2582;JOAQUIM MARCELINO JOFFRE NETO;PDT;M
2583;JOHN GOKI KAGE;PSC;M
2584;HANGELBRT PIRES SOARES;AVANTE;M
2585;JONES DONIZETTE SOBRINHO;SOLIDARIEDADE;M
2586;JORGE DE JESUS OLIVEIRA;PATRIOTA;M
2587;JORGE DURAN GONÇALEZ;AVANTE;M
2588;JORGE LUIS DE SOUZA RODRIGUES;REPUBLICANOS;M
2589;JORGE SAMPAIO DA SILVA;AVANTE;M
2590;JORGE TADEU MUDALEN;UNIÃO;M
2591;JORGE JERONIMO TEIXEIRA DOS SANTOS;SOLIDARIEDADE;M
2592;JORGE WILSON GONÇALVES DE MATTOS;REPUBLICANOS;M
2593;JORGILENE ALVES SILVA;PMN;F
2594;JORGE MOTTA CARNEIRO;AGIR;M
2595;JORGE MOTA DE OLIVEIRA JUNIOR;AGIR;M
2596;JORGE FERREIRA BENTO;PRTB;M
2597;JORGE CLAUDIO ANSELMO;PMB;M
2598;JOSE CICERO FERNANDES DA SILVA;AGIR;M
2599;ROGÉRIO SILVA DE SOUZA;PATRIOTA;M
2600;JOSEMUNDO DARIO QUEIROZ;PT;M
2601;JOSÉ ALENCAR GALVÃO;NOVO;M
2602;JOSE BISPO DOS SANTOS FILHO;PODE;M
2603;JOSE CARLOS STANGARLINI;PSDB;M
2604;JOSÉ CARLOS DA SILVA;PMN;M
2605;JOSÉ DOMINGOS SANTOS RIBEIRO;PMN;M
2606;JOSE DE OLIVEIRA LEME FILHO;AGIR;M
2607;JOSE SILVA LIMA;AGIR;M
2608;JOSÉ LUIZ DE LIMA;AVANTE;M
2609;JOSÉ MACENA DA SILVA FILHO;PRTB;M
2610;JOSELITO DE SOUSA LIMA;PODE;M
2611;BRIAN VANDERSON FERREIRA LEME;PATRIOTA;M
2612;ELIAS PEREIRA FREITAS DA SILVA JUNIOR;PSB;M
2613;JURANDI SOARES GUIMARÃES;NOVO;M
2614;JULIANA GORGA SALVETTI;REDE;F
2615;JUAN RAMON SOTO;UNIÃO;M
2616;JUAREZ PEREIRA DA SILVA;UNIÃO;M
2617;JOAQUIM ALVES PINHEIRO;PMN;M
2618;JUCIANE APARECIDA DA CUNHA;PL;F
2619;JUCILENE DE JESUS LIMA;AGIR;F
2620;JULIANA SOARES DE PAULA;PSD;F
2621;JULIANA FRAGA E SILVA DE SOUZA;PT;F
2622;JULIANA MARA DA SILVA SPADA;PODE;F
2623;JULIANO MALAQUIAS BOTELHO;PSB;M
2624;JULIANO MERKES;AGIR;M
2625;JÚLIO CESAR FUZARI;PSC;M
2626;JULIO CESAR DA COSTA CAIRES FILHO;PROS;M
2627;JULIO CESAR PEREIRA DE SOUZA;PL;M
2628;JULIO CEZAR DE ANDRADE;PSOL;M
2629;JULIO CESAR FREITAS ROCHA;PMB;M
2630;JULIO AURELIANO DA SILVA;PMB;M
2631;JULIO CESAR DE OLIVEIRA;PSDB;M
2632;JOÃO TEIXEIRA JUNIOR;PATRIOTA;M
2633;VALTER FAUSTINO MARTINS JUNIOR;PSC;M
2634;AGNALDO ALVES PEREIRA;PMN;M
2635;LUIZ GUEDES DE ALENCAR JUNIOR;PSOL;M
2636;BENEDITO DE VITTO JUNIOR;UNIÃO;M
2637;EDNE JOSE PIFFER JUNIOR;PL;F
2638;ANTONIO CARLOS RODRIGUES TEIXEIRA JUNIOR;PSB;M
2639;LUIS DONIZETTI VAZ JUNIOR;PSC;M
2640;ANDRE RICARDO DE SOUZA;REDE;M
2641;JUSSARA APARECIDA FERNANDES;PDT;F
2642;JUVENIL DE ALMEIDA SILVERIO;PSD;M
2643;KAIQUE CARDOSO VICENTE;NOVO;M
2644;KAISON ROBERTO ALVES;PMB;M
2645;CARLOS CESAR ARCOLINO;PSDB;M
2646;ALVARO COSTA VIEIRA;PODE;M
2647;KAREN LIMA VIEIRA;PL;F
2648;KARINA CRISTINA DE OLIVEIRA SILVA SOARES;AVANTE;F
2649;KARINA PAULA DE SOUZA OLIVEIRA MARTINS;PTB;F
2650;MITUO TAKAHASI;PP;M
2651;KATIA REGINA ROSA GOMES;PTB;F
2652;KATIA REGINA RODRIGUES;PRTB;F
2653;KEILA PEREIRA FRANCISCO;PC do B;F
2654;KEITCHELE LIMA DA SILVA;PSOL;F
2655;LUIZA KELLI KEIKO VIEIRA HATSUGA;UNIÃO;F
2656;QUELEN HELOISA DOS SANTOS VANDERLEI;PODE;F
2657;KELLY SANTOS MULLER;AVANTE;F
2658;KELLY VESCO MOZZONE;AVANTE;F
2659;EZEQUIEL DE SOUZA DAMASCENO;PP;M
2660;MARCO ANTONIO ALVES JORGE;PDT;M
2661;KLEBER ADELIPIO BARROS SANTOS;AGIR;M
2662;KLEBER CABRAL;PODE;M
2663;KLEBER FERREIRA MARUXO;PP;M
2664;VALDIRENE SANTOS DA SILVA;PMB;M
2665;ISRAEL SAMPAIO DE LACERDA FILHO;SOLIDARIEDADE;M
2666;LAELSON DA PAZ DE OLIVEIRA;AVANTE;M
2667;LAERCIO BENKO LOPES;PMB;M
2668;LAERTE VANDERLEY CORNELIO;SOLIDARIEDADE;M
2669;LARA EUNICE SANTOS BARBOSA;PSB;F
2670;LARISSA FORJANES DOS SANTOS;PODE;F
2671;LARISSA MACHADO LEONETTI;PCO;F
2672;LAURA HIROMI KAMIA;PSD;F
2673;LUIZ CARLOS DE FREITAS;AGIR;M
2674;LETÍCIA DA SILVA GUEDES;PP;F
2675;LEANDRO JERONIMO BASSON;PSC;M
2676;LEANDRO VIEIRA DE LIMA;AVANTE;M
2677;LEANDRO CALDAS DE CASTRO;PROS;M
2678;LEANDRO JOSE DE SOUZA DUQUE;PSTU;M
2679;LEANDRO FRANCOIS DE ALMEIDA;CIDADANIA;M
2680;LEANDRO JANUARIO DE OLIVEIRA;NOVO;M
2681;LEANDRO DE JESUS;PP;M
2682;LEANDRO CALDEIRA NAVA;UNIÃO;M
2683;LEANDRO ALVES;PSC;M
2684;LEANDRO CÂNDIDO SOARES;PT;M
2685;LECI BRANDÃO DA SILVA;PC do B;F
2686;CARLOS ALEXANDRE VIANNA SOARES;PODE;M
2687;ELIETE DE MIRANDA MACHADO;AVANTE;F
2688;LEIDE MENGATTI;PSB;F
2689;LEILA BEDANI FERREIRA;PSDB;F
2690;MARIA HELENA DE CARVALHO;PSOL;F
2691;WANDERLENE IEDA BACARO DE BRITO;PL;M
2692;ALAELSON ALVES DA SILVA;PTB;M
2693;MANOEL JOSÉ DA SILVA;PDT;M
2694;LENILSON ALVES DE LIMA;PSC;M
2695;LEONARDO LORO MARTINS PINTO;PDT;M
2696;OCIMAR DONIZETI LEO OLIVEIRA;MDB;M
2697;LEONARDO FRANCISCO SAMPAIO DE SOUZA FILHO;MDB;M
2698;LEONARDO DE SIQUEIRA LIMA;NOVO;M
2699;ANDERSON LEONARDI POLTRONIERI GONÇALVES;DC;M
2700;LEONE LUIZ DE FARIA JUNIOR;NOVO;M
2701;LEONICE ALVES DA PAZ;REPUBLICANOS;M
2702;LEONORA DA SILVA PÉRICO;PDT;F
2703;LETICIA AGUIAR RESENDE ALVES;PP;F
2704;LETICIA CRISTINA DA SILVA;UNIÃO;F
2705;LEWIS SAWINSKI DE ALMEIDA;PODE;M
2706;LUIS HENRIQUE ARAUJO;PODE;M
2707;LIGIA MENDES DA SILVA;UP;F
2708;ELISANGELA RODRIGUES DE SOUSA;PDT;F
2709;LILIANE HELENA BARBOSA CHIARELLI;REPUBLICANOS;F
2710;LILIANE MARIA DA SILVA PAES;PTB;F
2711;LILIAN DA COSTA FARIAS;PROS;F
2712;LILIAN APARECIDA DE PAULA;MDB;F
2713;LILIAN CRISTINA DOS SANTOS FARIA;REDE;F
2714;MARCELINO SILVA;PTB;M
2715;ADELINO CASTELLEIRO FILHO;PMB;M
2716;LISETE GOMES DAS NEVES;PSB;F
2717;LIVIA MARIA RODRIGUES FIDELIX DA CRUZ;PRTB;F
2718;LEDIVAN LOPES SEABRA;PRTB;M
2719;LOURIVAL RODRIGUES DA SILVA;DC;M
2720;LOURIVAL TORRES;PMN;M
2721;LUZIMAR BARBOSA DA SILVA;CIDADANIA;M
2722;LUANA SILVA QUEIROZ;PRTB;F
2723;LUCAS ANTUNES;PTB;M
2724;LUCAS DIEZ BOVE;PL;M
2725;LUCAS DE OLIVEIRA CARDOSO;PSB;M
2726;LUCAS MARCOLINO CORTEZ DOS SANTOS;PROS;M
2727;LUCAS DE ASSIS COSTA;PP;M
2728;LUCAS MARIANO DE CAMPOS;PRTB;M
2729;LUCAS PAVANATO DE OLIVEIRA;NOVO;M
2730;LUCAS ROMERO DA SILVA;NOVO;M
2731;LUCAS PAVAN ZANATTA;PL;M
2732;LUCCAS SANTOS DA CUNHA;PMN;M
2733;LUCIA DE FATIMA SILVA ROSIM;PSC;F
2734;LUCIANA APARECIDA DE PAULA CARVALHO;PMB;F
2735;LUCIANA CRISTINA MENDES SANTOS;CIDADANIA;F
2736;LUCIANA VEIGA DE PAULA;AVANTE;F
2737;LUCIANO MARTINS CRUZ;AGIR;M
2738;LUCIANO RODRIGUES DE AQUINO;PSD;M
2739;ANTONIO LUCIANO DO ROSARIO BARBOSA;PROS;M
2740;LUCIANO BATISTA;SOLIDARIEDADE;M
2741;EDISON LUCIANO KLIMAN BENEDITO;PTB;M
2742;LUCIANO COSTA OLIVAN;AVANTE;M
2743;LUCIENE PEREIRA FRANCO;MDB;F
2744;LUCIMARA JANDOZZA CAVALCANTE;MDB;F
2745;LUCIAUREA CORREIA DOS SANTOS;PP;F
2746;LUCIVÂNIA PINHEIRO BARBOSA;PP;F
2747;LUIS JACINTO BARRETO;PMB;M
2748;LUIS CARLOS MESSIAS;PROS;M
2749;LUIS CARLOS FABIANI;PMB;M
2750;LUIS FELIPE SILVEIRA AMANCIO TORELLA D'AVILA;MDB;M
2751;LUIS GUILHERME PIRES;NOVO;M
2752;LUIS FERNANDO ALVES DE LIMA SANTOS;PSB;M
2753;LUIS ALEXANDRE PINHEIRO;PMB;M
2754;LUIS ANTONIO DE SOUZA;PODE;M
2755;LUIS CARLOS DE SOUZA;PDT;M
2756;LUIZ CARLOS DO ESPÍRITO SANTO;PATRIOTA;M
2757;LUIZ CARLOS DA COSTA VALLE;PL;M
2758;LUIZ HENRIQUE CIRILO;PSDB;M
2759;LUIZ CLAUDIO MARCOLINO;PT;M
2760;LUIZ FERNANDO TEIXEIRA FERREIRA;PT;M
2761;JOSÉ LUIZ ALVES NETO;PMN;M
2762;LUIZ CARLOS SILVA LEMOS;PSB;M
2763;LUIZ JOSÉ TEGAMI;PSB;M
2764;LUISA DA SILVA FERNANDES;PV;F
2765;LUIZ OTAVIO DA SILVA;UNIÃO;M
2766;LUIZ CARLOS DE MORAES;SOLIDARIEDADE;M
2767;LUCAS DE OLIVEIRA;SOLIDARIEDADE;M
2768;LUZIA MARIA VIDICA CÂNDIDO;AVANTE;F
2769;LYGIA APARECIDA FAZIO DE OLIVEIRA;PP;F
2770;MARCIO DE ANDRADE LYRA;AVANTE;M
2771;MACIEL DOS SANTOS ROCHA;PSDB;M
2772;WILLAMS FERNANDES DA SILVA;AVANTE;M
2773;MADALENA BARBOSA DE SIQUEIRA;PRTB;F
2774;LUCINEIDE CRUZ ALVES;PDT;F
2775;MIRELLE CRISTINA DE SOUZA BUENO;PDT;F
2776;ROSANE REZENDE LEANDRO;PATRIOTA;F
2777;DANTE HENRIQUE MANTOVANI;PMB;M
2778;MAGALI RABELLO ROCHA;PDT;F
2779;LUIZ CARLOS MAGESTO;SOLIDARIEDADE;M
2780;MAGNO ALVES DE OLIVEIRA;AGIR;M
2781;MAÍRA MACHADO RODRIGUES;PSTU;F
2782;MARIA JOSÉ GARCIA RAMOS;PRTB;F
2783;EDSON ROBERTO ALOISIO;PRTB;M
2784;EDSON RODRIGUES CARDOSO;PP;M
2785;MARCUS LEVY ANDRADE ACOSTA;UNIÃO;M
2786;DIMAS MECCA SAMPAIO;PL;M
2787;ADEMAR FRANCISCO MARTINS NETO;REPUBLICANOS;M
2788;CARLOS RICARDO CEOLONI;PTB;M
2789;TIRSO DOS SANTOS JUNIOR;AVANTE;M
2790;MARIA DE LOURDES DO NASCIMENTO NUNES;SOLIDARIEDADE;F
2791;MARCELO MAMBRINI;PRTB;M
2792;CARLA DENISE BAPTISTA LEOPOLDO;PDT;F
2793;ALAN FABRICIO DA SILVA;AVANTE;M
2794;AMANDA COELHO MARZALL;PSTU;F
2795;SILVIO DO CARMO CAMARGO;AGIR;M
2796;MANOEL DE SOUSA COELHO JUNIOR;PMN;M
2797;MANOEL LOPES FERREIRA JUNIOR;PTB;M
2798;JUSSIMARA NUNES DE JESUS;AVANTE;F
2799;MARCOS APARECIDO BARROS DE LIMA;PSC;M
2800;MARCELA REGINA RODRIGUES DA CUNHA;PL;F
2801;MARCELO THEODORO DE AGUIAR;PSC;M
2802;MARCELO FORTES BARBIERI;MDB;M
2803;MARCELO MENDES BINI;PRTB;M
2804;MARCELO DE MELLO CASSUCCI;PDT;M
2805;MARCELO COSTA DEL BOSCO AMARAL;MDB;M
2806;MARCELO HERCOLIN;UNIÃO;M
2807;MARCELO FERREIRA KAWATOKO;PSB;M
2808;MARCELO PASQUALINO;PCO;M
2809;MARCELO PEREIRA;DC;M
2810;MARCELO AFONSO PIMENTA;PDT;M
2811;MARCELO REINA SILIANO;PSOL;M
2812;MARCELO CRISTIANO REIS;PTB;M
2813;MARCELO RIBEIRO DA SILVA;PT;M
2814;MARCELO DOS SANTOS ROLDAN;PSOL;M
2815;MARCELO OLIVEIRA ROSADO;PTB;M
2816;MARCELO SQUASSONI;REPUBLICANOS;M
2817;MÁRCIA LOPES DE ARAUJO;PMN;F
2818;MÁRCIA DE FÁTIMA MORAIS;PATRIOTA;F
2819;MARCIA LENTZ;UNIÃO;F
2820;MARCIA APARECIDA OVEJANEDA LIA;PT;F
2821;MÁRCIA APARECIDA MENDES;PMN;F
2822;MARCIA WALERIA NUNES DE OLIVEIRA DIAS;PMB;F
2823;MARCIA REGINA QUINTANILHA;PC do B;F
2824;MARCIA RAICHER;PRTB;F
2825;MARCIA VALÉRIA JACINTHO AZEVEDO;PATRIOTA;F
2826;MARCIA CRISTINA DOS SANTOS VENTURINI;PROS;F
2827;MÁRCIA CRISTINA DA SILVA;PATRIOTA;F
2828;MARCIO ANTONI SANTANA;NOVO;M
2829;MARCIO AURELIO SOARES;PDT;M
2830;MARCIO ALEXANDRE BARRETO;PDT;M
2831;JOSE MARCIO DE CAMPOS;PTB;M
2832;MARCIO PASCHOAL GIUDICIO;PODE;M
2833;MARCIO DE PAULA PINHEIRO;PATRIOTA;M
2834;MÁRCIO MASSAMI NAKASHIMA;PDT;M
2835;MARCIO DE ALMEIDA PINO;PDT;M
2836;MARCIO ROBERTO OLIVEIRA;PCO;M
2837;MÁRCIO ROGÉRIO DIAS;AVANTE;M
2838;MÁRCIO APARECIDO MARTINS;PP;M
2839;MARCO AURÉLIO GOMES DOS SANTOS;PSDB;M
2840;MARCO ANTONIO ZANONI BUENO;REPUBLICANOS;M
2841;MARCO ANTONIO DE PAULA;SOLIDARIEDADE;M
2842;MARCOS CORDEIRO DE SOUSA CHAVES;PATRIOTA;M
2843;MARCOS ROBERTO DAMASIO DA SILVA;PL;M
2844;MARCOS ESCAMES FÉLIX DA SILVA;PODE;M
2845;MARCOS FERNANDO PORTELLA FONTES;UNIÃO;M
2846;MARCOS PAULO TAVARES FURLAN;PODE;M
2847;MARCOS ANTONIO HOMSI GARCIA;NOVO;M
2848;MARCOS KOHLMANN BARBOZA;PMN;M
2849;MARCOS ANTONIO GONÇALVES DA SILVA;MDB;M
2850;MARCOS VINICIUS MOUTA MENDONÇA;AGIR;M
2851;MARCOS TIAGO DOS SANTOS NUNES;AVANTE;M
2852;MARCOS DE MATOS PALÁCIO;PROS;M
2853;MARCOS JOSÉ DO VALLE;PMB;M
2854;MARCOS RIBEIRO DA SILVA;PMB;M
2855;MARCOS ANTONIO ZERBINI;PSDB;M
2856;MARI CRISTINA BIZARI;UNIÃO;F
2857;MARIA ALICE TANIGUSHI;PTB;F
2858;MARIA ANGELA ABDUCH;PCO;F
2859;MARIA CONSTANTINO EMIDIO;PSD;F
2860;MARIA FERREIRA LIMA;AGIR;F
2861;MARIA DE LOURDES SANTOS SILVA;PP;F
2862;MARIA DO CARMO GUILHERME;MDB;F
2863;MARIA APARECIDA DE OLIVEIRA;AGIR;F
2864;MARIA EUGENIA UGUCIONE BIFFI;PDT;F
2865;MARIA HELENA PASINI PEDROSO PETERNELLI;UNIÃO;F
2866;MARIA LUCIA CARDOSO PINTO AMARY;PSDB;F
2867;MARIA LUCINDA RESENDE;PMN;F
2868;MARIA DE JESUS LOPES MARTINS SILVA;PTB;F
2869;MARIANA CONTI TAKAHASHI;PSOL;F
2870;MARIANA FELIX SANTOS;PSOL;F
2871;MARIANA DUARTE GARCIA DE LACERDA;REDE;F
2872;MARIANA NUNES DE MOURA SOUZA;PC do B;F
2873;MARÍLIA CAPUTI DE BRITO;PP;F
2874;MARILUCI FELICIANO DE OLIVEIRA GUEDES;PROS;F
2875;MARINA MOREIRA;REDE;F
2876;MARINA MEDEIROS HELOU;REDE;F
2877;MARIO LACERDA SOUZA;CIDADANIA;M
2878;MÁRIO MEDEIROS NETO;PSB;M
2879;MARISA DOS SANTOS MENDES;PSTU;F
2880;MARISSOL APARECIDA DA SILVA BARROS;SOLIDARIEDADE;F
2881;MARISTELA TRINDADE;PATRIOTA;F
2882;MARIZETE GOMES DE MAGALHÃES BERGAMIN;PODE;F
2883;MARJORIE HOSANA CAMARGO MONTEIRO;PROS;F
2884;MARCOS ANTÔNIO DE SOUZA;PSDB;M
2885;MARCOS ANTONIO SERAFIM BERNARDES JUNIOR;PODE;M
2886;MARLY GOMES CALDAS;PT;F
2887;EDSON MARCOS DE CARVALHO;AGIR;M
2888;MARCOS RIBEIRO DA COSTA;MDB;M
2889;MARTA MARIA FREIRE DA COSTA;PSD;F
2890;MARTIM VIEIRA FERREIRA;PMB;M
2891;MAURICIO MARTINEZ;PSB;M
2892;MARIA DE JESUS BUENO DA SILVA;PSOL;F
2893;RONALDO AUGUSTO BRETAS MARZAGÃO JUNIOR;PATRIOTA;M
2894;MATEUS JOSE DE CAMARGO STEFANI;NOVO;M
2895;MATHEUS LEMES MARTINS DE ASSIS;PSOL;M
2896;MATILDE FÁTIMA ALVES CANUTO;NOVO;F
2897;MAURA DA SILVA BUENO SANTOS;SOLIDARIEDADE;F
2898;MAURO FRANCISCO DE TOLEDO;AGIR;M
2899;MARIO MAURICI DE LIMA MORAIS;PT;M
2900;MAURICIO AGUIAR GIUNTINI;NOVO;M
2901;MAURICIO MENNA BARRETO GASPARINI;UNIÃO;M
2902;MAURICIO NOGUEIRA DIAS;REPUBLICANOS;M
2903;MAURÍCIO SOUZA DOS REIS;PATRIOTA;M
2904;MAURO BRAGATO;PSDB;M
2905;MAURO MARQUES DAS NEVES;PODE;M
2906;MAURO DA SILVA OLIVEIRA;PSD;M
2907;MAURO AUGUSTO DE SOUZA;PCO;M
2908;MAYA DA SILVA BASTOS;PCO;F
2909;MAYARA OLIVEIRA TORRES DA SILVA;PSB;F
2910;CLAUDIO ERNANI MARCONDES DE MIRANDA;REPUBLICANOS;M
2911;CHUKWUEMEKA UJOR;PSD;F
2912;GLACIMERE BRITTO DE OLIVEIRA PIMENTA;SOLIDARIEDADE;F
2913;ADEMILSON RAMOS DA SILVA;PRTB;M
2914;RODRIGO DA SILVA BANDINI;PSOL;M
2915;THIAGO FELIPE NEVES;PRTB;M
2916;MICHAEL RICHARD DE JESUS PEDRO;PMN;M
2917;MICHAEL WILLI DA SILVA STREIDL;PRTB;M
2918;MICHEL CAETANO DE ALBUQUERQUE;PROS;M
2919;MICHEL RIBEIRO PAES LANDIM;DC;M
2920;MICHEL LEITE VIANA;PCB;M
2921;MICHELE NOVAES CANDIDO;AVANTE;F
2922;MICHELLE SCOASSADO;SOLIDARIEDADE;F
2923;YOSHIKO TORIGOE;DC;M
2924;ROSILENE DOS SANTOS;PMN;F
2925;MILTON BEZERRA FEITOZA;PSC;M
2926;MILTON LEITE DA SILVA FILHO;UNIÃO;M
2927;MILTON NERY NETO;PSB;M
2928;MIRIAM MANETTA ALGARRA;PT;F
2929;MIRIAM MARIA ANTUNES DE SOUZA;NOVO;F
2930;MIRIAN DA SILVA VIEIRA;PRTB;F
2931;ALMIRO RODRIGUES RIBEIRO;PRTB;M
2932;MIRTES GONÇALVES QUEIROZ;PSD;F
2933;MISAEL ARAUJO RODRIGUES DA SILVA;UNIÃO;M
2934;ANITA DOS SANTOS TAKAIYASU;PL;F
2935;MAGNA DA SILVA;PRTB;F
2936;ROSANE LUCIA DE ARAUJO;PRTB;F
2937;VALQUIRIA JUSTINO;PMB;F
2938;DONIZETE ALVES BARBOSA;PL;M
2939;MARIA JOSE DA SILVA;PSC;F
2940;ANDERSON FREITAS BARBOSA PASSOS;PSB;M
2941;NELSON DE ALMEIDA CHAVES;PMN;M
2942;ALMIR ROGERIO DA SILVA;PT;M
2943;MOACIR COVA;PSC;M
2944;MOÉSIO ALVES CORREIA;AGIR;M
2945;MOISES GOMES DO NASCIMENTO;PTB;M
2946;FABIO BLANES;AVANTE;M
2947;MONICA RAMIRES FERRAZ CURY;NOVO;F
2948;MÔNICA CRISTINA SEIXAS BONFIM;PSOL;F
2949;MÔNICA PRADO;PTB;F
2950;ANTONIO CARLOS DE MORAES;REDE;M
2951;MORGANA SIQUEIRA;AVANTE;F
2952;RENAN FONSECA DA SILVA;PDT;M
2953;MURILO BERBERT AVIGO FELIX;PODE;M
2954;MYRIAN RAVANELLI SCANDAR KARAM;UNIÃO;F
2955;NADIA AGUIAR SILVA LIMA;AVANTE;F
2956;NATALINO DE JESUS;PSB;M
2957;NATÁLIA BRAGA COSTA PIMENTA;PCO;F
2958;NATALINO ANTONIO DA SILVA;PSDB;M
2959;NAYLA DE SOUZA;PDT;F
2960;SIDINEI GIRON;PTB;M
2961;EDINEIA PRADO DA COSTA;PDT;F
2962;NEIMAR DE ALMEIDA ORTIZ;PSD;M
2963;NEIVA ANTONIA MARTINS MARQUES;PROS;F
2964;NELMA APARECIDA ANDRADE SOUZA;UNIÃO;F
2965;NELSON BOTELHO DA SILVA;PSTU;M
2966;NELSON CLARO PAULINO;AGIR;M
2967;NELSON ROBERTO GRITTI;PTB;M
2968;NELSON MERRWELVELSON FERREIRA E SOUZA;AVANTE;M
2969;ANGELO ROBERTO RÉSTIO;PP;M
2970;RAIMUNDA GONÇALVES DOS SANTOS;PMN;F
2971;GREGÓRIO MATIAS DE FREITAS;PODE;M
2972;NEON DOS AFONSO CUNHA;PSOL;F
2973;NERINALVA SANTOS SANTANA;AGIR;F
2974;NESTOR FERREIRA DOS SANTOS;PROS;M
2975;JOSÉ PEREIRA NETO;PMB;M
2976;JOSE MENDES DE SOUZA NETO BOTA;PP;M
2977;NEUDES RIBEIRO DE CARVALHO;PDT;F
2978;NEILTON LISBOA DOS SANTOS;PROS;M
2979;VANDERLEY CAVALCANTE DA SILVA;SOLIDARIEDADE;M
2980;NEZINHO GONÇALVES NUNES;SOLIDARIEDADE;M
2981;NEZIO ANTONIO MONTEIRO FILHO;PROS;M
2982;NIQUEIAS FERREIRA BORGES;MDB;M
2983;DONILZETE JOSÉ SOARES;UNIÃO;F
2984;JOSÉ IVANILDO MARINHO PINHEIRO;PROS;M
2985;NILDO SILVESTRE DA SILVA;PSB;M
2986;JOSENILDO JOSE DE OLIVEIRA;AVANTE;M
2987;NILSON DE OLIVEIRA VALIM;AVANTE;M
2988;NILSON PEREIRA DE ABREU;AGIR;M
2989;NILSON PEREIRA DUARTE;PSC;M
2990;MARIA APARECIDA ROQUE DE OLIVEIRA;REPUBLICANOS;F
2991;NOELMA DE SOUZA RODRIGUES;PMB;F
2992;NOEMIA VIEIRA FONSECA;PTB;F
2993;NORALDINO PIMENTA FILHO;UNIÃO;M
2994;NORMANDO BARBOSA DE OLIVEIRA;PMB;M
2995;OCIMAR DOS REIS OLIVEIRA;UNIÃO;M
2996;ODAIR DE MOURA E SILVA;PATRIOTA;M
2997;ODETE BARBOSA DA SILVA;PSC;F
2998;ODETE FIORDA;NOVO;F
2999;ODILIA CRISTINA SANTOS DO NASCIMENTO;DC;F
3000;WALDECK RODRIGUES DE MORAES;AVANTE;M
3001;JOSÉ NELSON DA SILVA;PDT;M
3002;OLINDA CAETANO GARCIA;REDE;F
3003;JOSÉ BERNARDO ORTIZ MONTEIRO JÚNIOR;PSDB;M
3004;OSEIAS SANTOS DA SILVA;PSD;M
3005;OSEIAS VIEIRA DE SOUSA;AGIR;M
3006;OSMARIO SILVA;MDB;M
3007;OSNI RAMOS JUNIOR;AGIR;M
3008;JOSÉ OSÓRIO FILHO;PMN;M
3009;OSVALDO GOMES DE LIMA;PDT;M
3010;OSVALDO MARIANO DIOGO;PSTU;M
3011;OSWALDO LUIZ RODRIGUES DE OLIVEIRA;AVANTE;M
3012;ANDRE MARCOS DE ABREU;PSC;M
3013;JOSE RICARDO VENDEMIATE;AGIR;M
3014;VALDINEI CAMPELO FELIX;PTB;M
3015;ADRIANO NERES DE OLIVEIRA;PDT;M
3016;ANGELO SCAVASSINI NETO;PDT;M
3017;RAIMUNDO FERNANDES DE PAIVA;PSD;M
3018;ADILSON DOMINGOS CENSI;PODE;M
3019;PÂMELA ZÉLIA PAN TONIOLO;PROS;F
3020;PAMELA BARBOSA;PMN;F
3021;LUIS ANTONIO PANONE;PSD;M
3022;PAOLLA CATHERINE DOS SANTOS MIGUEL AGARD;PT;F
3023;RENATO DA SILVA GOIS;UNIÃO;M
3024;EDSON ROBERTO PARRON;PSDB;M
3025;PASCOAL DOS SANTOS LIMA;AVANTE;M
3026;PASCOAL LEAL DE PAULA;PRTB;M
3027;ALLAN DAVID FERREIRA DE LIMA;PSC;M
3028;ANDRE LUIS BUENO;PL;M
3029;ANISTALDO LUIZ LOPES DA SILVA;PSC;M
3030;ANTONIO CONSTANTINO OLIVEIRA;AVANTE;M
3031;JOSÉ ROBERTO DE MELLO;PSC;M
3032;CLAUDIO NAZARENO SOUZA DE QUEIROZ;PL;M
3033;CLAUDIO SEBASTIÃO AGUIAR;PATRIOTA;M
3034;JOSIAS JOSE DO NASCIMENTO;PSD;M
3035;ANTÔNIO MANOEL;PSC;M
3036;LUCAS MÁXIMO DE JESUS;UNIÃO;M
3037;LUCIANO APARECIDO MORENO;SOLIDARIEDADE;M
3038;LUIS FERNANDO DA SILVA;PTB;M
3039;LUIZ MARQUES;PMN;M
3040;MARCO ROBERTO DA SILVA;REPUBLICANOS;M
3041;MATIAS GERALDO MUNIZ;AVANTE;M
3042;DONIZETE NATAL PONTES;AVANTE;M
3043;LEIA DA SILVA FELISBERTO;AGIR;F
3044;MARIA NILZA FERREIRA ALVES;REPUBLICANOS;F
3045;MARIA DA CONCEIÇÃO FERNANDES GRANATO;PMB;F
3046;MARILZA JOANA GARCIA DE MELO;PL;F
3047;SIMONE APARECIDA NASCIMENTO DA CONCEIÇÃO;PTB;F
3048;PATRICIA ANDALAFT FREIRE;PATRIOTA;F
3049;PATRÍCIA MAGDA GIRO LOBO BELLI;PATRIOTA;F
3050;PATRÍCIA GAMA DE QUADROS BEZERRA;PSDB;F
3051;PATRICIA ROSSI CICOTOSTE;PP;F
3052;MARIA JULIANA PATRÍCIA DA COSTA;AVANTE;F
3053;PATRICIA MARIA DE MELO ZANOTTI MONTILHA;PTB;F
3054;PATRÍCIA MODESTO;PODE;F
3055;PATRICIA COUTO PICOLI FRANCISCO;PRTB;F
3056;PATRICIA APARECIDA ROSSI;PSD;F
3057;PATROCÍNIO RAMOS DA CRUZ NETO;PMN;M
3058;PATRYCIA FACIOLO DOS SANTOS;PDT;F
3059;ANA PAULA CALVO;MDB;F
3060;PAULA NUNES DOS SANTOS;PSOL;F
3061;PAULA MICHELLE DIAS;PRTB;F
3062;PAULA FONSECA ESTEVES;PSD;F
3063;PAULA MAYARA DARRÔ MARTINS ROCHA FILZEK;PDT;F
3064;PAULA CRISTINA LOURENÇO;AVANTE;F
3065;PAULA NATALEN FARIAS DE MORAES MULLER;AGIR;F
3066;PAULO ALEXANDRE DA SILVA;PMN;M
3067;PAULO MACHADO DA SILVA;SOLIDARIEDADE;M
3068;ROSA MARIA DA SILVA CLIMACO;PDT;F
3069;PAULO CEZAR XAVIER ALEXANDRE;PMN;M
3070;PAULO AURELIO BIANCHINI;SOLIDARIEDADE;M
3071;PAULO ROGÉRIO DA SILVA;PDT;M
3072;PAULO SÉRGIO SILVESTRE;AVANTE;M
3073;PAULO ROBERTO BUFALO;PSOL;M
3074;PAULO CAINE DOS SANTOS SILVA;PROS;M
3075;PAULO CALADO FARIAS;AVANTE;M
3076;PAULO CEZAR CONCEIÇÃO QUADROS;PSB;M
3077;PAULO ALVES CORRÊA JUNIOR;PSD;M
3078;PAULO ROBERTO DIAS PEREIRA;PRTB;M
3079;PAULO DE OLIVEIRA ENEAS;PMB;M
3080;PAULO ROBERTO FIORILO;PT;M
3081;PAULO HENRIQUE RIBEIRO FLORIANO;PDT;M
3082;PAULO SERGIO GALTERIO;PSC;M
3083;PAULO JOSE GONÇALVES;PROS;M
3084;PAULO KAZUO DE SOUZA IFUKU;AGIR;M
3085;PAULO HUGENNEYER KOGOS;PTB;M
3086;PAULO JORGE MANSUR NETO;PL;M
3087;PAULO SERGIO MOREIRA MELLO;PTB;M
3088;PAULO DONIZETI SAGIO;AGIR;M
3089;PAULO CESAR DA SILVA SANT'ANA;PTB;M
3090;PAULO ELIAS VICENTE;REPUBLICANOS;M
3091;PAULO ALEXANDRE ZEMUNER MASCARO;PDT;M
3092;PEDRO MARQUES FERREIRA ASSAD;PSC;M
3093;PEDRO ANTONIO BIGARDI;PC do B;M
3094;PEDRO ELES DA SILVA;PATRIOTA;M
3095;PEDRO MOTOITIRO KAWAI;PSDB;M
3096;PEDRO MARIN BELMONTE NETO;PODE;M
3097;PEDRO RODRIGUES DE MIRANDA NETO;REPUBLICANOS;M
3098;PEDRO TOMISHIGUE MORI;PSB;M
3099;PEDRO IGOR RIBEIRO RAMOS;PRTB;M
3100;PEDRO PAULO DE OLIVEIRA FILHO;AGIR;M
3101;LUIZ ANTONIO CIRINO;AVANTE;M
3102;APARECIDO JOVANIR PENA JUNIOR;PP;M
3103;PÉRICLES RÉGIS MENDONÇA DE LIMA;PODE;M
3104;PERMÍNIO MONTEIRO DA SILVA;PSB;M
3105;PETERSON RUAN AIELLO DO COUTO RAMOS;PSB;M
3106;PHILIPE DE PAULA DA SILVA;MDB;M
3107;CRISTIANE FERREIRA PASSOS LASTÓRIA;PSC;F
3108;PLAUTO JOSE RIBEIRO HOLTZ MORAES;MDB;M
3109;DERIONERIO OLIVEIRA DE ASSIS;AGIR;M
3110;POLIANA ALVES FERNANDES PINTO;PSB;F
3111;ALINE NOVAIS;PSD;F
3112;OSVALDO DA SILVA LOBEIRO MACHADO;PATRIOTA;M
3113;PAULO ROBERTO CASSIOLATO FILHO;PP;M
3114;DELMIRO MOURA DE OLIVEIRA;DC;M
3115;EDSON MUNIS;SOLIDARIEDADE;M
3116;CARLOS ALBERTO DA FONSECA;AVANTE;M
3117;EVERSON MARCOS DE OLIVEIRA;MDB;M
3118;EZEQUIEL DE ARAÚJO SILVA;PDT;M
3119;JOSÉ FÁBIO DOS SANTOS SILVA;DC;M
3120;JEAN ALEX DE ANDRADE DOS SANTOS;PSC;M
3121;JOENE HENRIQUES DE FIGUEIREDO;PMN;F
3122;SEBASTIÃO DE MESQUITA SILVA;PMN;M
3123;FRANCISCO ALVES DE SOUSA;PMB;M
3124;JOSÉ DE RIBAMAR DA SILVA PASSOS;PSOL;M
3125;RICARDO ROCHA DE OLIVEIRA;PATRIOTA;M
3126;ARLETE FERREIRA RIBEIRO;PV;F
3127;GENILZA MEDEIROS DE CASTRO;REPUBLICANOS;F
3128;JOSÉ NILSON PRAXEDES;AGIR;M
3129;ELISABETE NATALI ALVARENGA;PSC;F
3130;PRISCILA BRUNETTO DE ARAUJO;PSD;F
3131;PRISCILA GONÇALVES IEIRI PARRA;NOVO;F
3132;PRISCILLA BERNARDES AIRES PEDROSA;PSOL;F
3133;ADRIANA VASCONCELLOS VIEIRA DE OLIVEIRA LUIZ;MDB;F
3134;JOSÉ AMARO DA SILVA;AVANTE;M
3135;BUDGA DEROBY NHAMBIQUARA;REDE;M
3136;APARECIDA DA GRAÇA CARLOS;PT;F
3137;HELIO JOSÉ DOS SANTOS;PP;M
3138;JOBERT ALEXANDRINO;PODE;M
3139;MARCOS VINÍCIO BILANCIERI;REPUBLICANOS;M
3140;ROSÂNGELA HERNANDES AZEVEDO;PMN;F
3141;VICTOR MORAES FILHO;PODE;M
3142;WALTER PEREIRA FERREIRA;REPUBLICANOS;M
3143;AHMED TARIQUE TOMBOUCTOU AGIO;PTB;M
3144;ANGELA DONATIELLO LOPES;UNIÃO;F
3145;CHRISTIANE GRACE GUIMARÃES DA SILVA;PT;F
3146;FERNANDO MARTINS;NOVO;M
3147;RAFAEL TURRINI PURGATO;PDT;M
3148;SERGIO ANTONIO;PTB;M
3149;SÉTIMA MARIA VIEIRA DE ARAUJO;SOLIDARIEDADE;F
3150;ANTONIO BERALDO ALVES;PTB;M
3151;CARLOS ALBERTO VIDAL TONON JUNIOR;PTB;M
3152;MARIA JOSÉ DA SILVA BEZERRA;PSB;F
3153;ANA CLÁUDIA MESQUITA ROCHA;PMN;F
3154;CAMILA GODOI DA SILVA RODRIGUES;PSB;F
3155;JOCELY RAMOS DOS REIS MARCO;PSB;F
3156;JULIANA SOARES DO NASCIMENTO;PT;F
3157;LAÍS HELENA ANTONIO DOS SANTOS ALOISE;PSB;F
3158;MARIA SALETE MARINI;PSB;F
3159;SUZETE CHAFFIN;PSOL;F
3160;VALMARA CRISTINA DE PAULA CAMARGO;NOVO;F
3161;AGLIBERTO DO SOCORRO CHAGAS;UNIÃO;M
3162;AHMAD ABOU ADILE;DC;M
3163;ANTONIO TARCIDO MARQUES FERNANDES;PRTB;M
3164;AUGUSTO CÉSAR CORREA NETO;UNIÃO;M
3165;AIRTON DOS SANTOS;PSC;M
3166;GERALDO CARDOSO DE JESUS;PROS;M
3167;CASSIO EDUARDO FONSECA;PMB;M
3168;CÍCERO JUSTINO DA SILVA;PDT;M
3169;FABIO DA SILVA VIANA;PMB;M
3170;FERNANDO DE SOUZA;PSTU;M
3171;ARJUNA DE HUR FRAGA DE ASSUNÇÃO;PROS;F
3172;GILSON MOREIRA;PTB;M
3173;GILVAN DE ANDRADE GAIA;PMB;M
3174;HAMILTON ALVES FERNANDES;PROS;M
3175;JANDER CAVALCANTI DE LIRA;PSD;M
3176;JHONY ANTONIO BARBOZA;PDT;M
3177;JOEFERSON FACCIN JOSÉ DE ALMEIDA;PSOL;M
3178;JUVENIL BATISTA LOPES;PSOL;M
3179;JUSTINO DIOGO DOS SANTOS;PSOL;M
3180;LUCAS ANTONIO NIZUMA SIMABUKULO;PSTU;M
3181;LUIS RENATO PINTO DE OLIVEIRA;PMB;M
3182;MARCELO ALVES DE CARVALHO ALMEIDA;PSD;M
3183;MARCELO FUSCO;UNIÃO;M
3184;MARCELO LOPES;PRTB;M
3185;MARCELO GOUVEIA NASCIMENTO;SOLIDARIEDADE;M
3186;ROGERIO JACOMO MICHELETTI;PRTB;M
3187;WAINES MOREIRA ALVES;PSB;M
3188;OZÉIAS BATISTA DOS SANTOS;AVANTE;M
3189;RAFAEL CASTRO KOCIAN;REDE;M
3190;RICARDO MARCILIO MONTEIRO;CIDADANIA;M
3191;ROBERTO FRANCISCO DA SILVA;PMB;M
3192;ROBSON CRISTIANO DE SOUZA;AVANTE;M
3193;ROMULO ORNELAS DE OLIVEIRA;PT;M
3194;RONALDO RODRIGUES DOS SANTOS;PSOL;M
3195;ANTONIO BIAGIO VESPOLI;PSOL;M
3196;VANIL ALVES DOS SANTOS;PATRIOTA;M
3197;VITOR LUIS ARTIOLI KUNDRAT;NOVO;M
3198;WAGNER ALVES DE LIMA;AGIR;M
3199;WAGNER DE MELO ROMÃO;PT;M
3200;ANA CRISTINA DA SILVA COSTA;REPUBLICANOS;F
3201;ANETE DÁLIA SEABRA SAMPAIO DE SOUZA;PROS;F
3202;MARIA IZABEL AZEVEDO NORONHA;PT;F
3203;CELIA APARECIDA DA CRUZ OLIVEIRA MENEZES;MDB;F
3204;EDILZA DE SOUSA MATSUSHITA;PSDB;F
3205;ÉRIKA FERNANDA CÂNDIDO;PSOL;F
3206;EVELYN CRISTINA FERREIRA PAULA;PDT;F
3207;FERNANDA ALVES DA SILVA;UNIÃO;F
3208;JACI SABINA DE LIMA MATTOS;PSOL;F
3209;JAQUELINE MONTEIRO DE CARVALHO BARRETO;UNIÃO;F
3210;JÉSSICA MARQUES RIBEIRO;PSOL;F
3211;JOSELI ELVIRA CAVALHEIRO;PSB;F
3212;KARINA CARLA DA SILVA;AVANTE;F
3213;LIDIA FREITAS DO NASCIMENTO;PSC;F
3214;LILIAN RENATA GARCIA VIEIRA MEDEIROS;PTB;F
3215;LUCIMARA SILVEIRA MANHA;SOLIDARIEDADE;F
3216;MARIANA ROSSETO SANTOS;PT;F
3217;NELSA FLORINDA DE QUEIROZ METZLER;PSDB;F
3218;MARIA NILVA SEVERINO GONÇALVES;SOLIDARIEDADE;F
3219;SANDRA MARIA DOS SANTOS;PDT;F
3220;SILVANA MARQUES MONTEIRO;NOVO;F
3221;VALDINEIA MEIRA MOTA;SOLIDARIEDADE;F
3222;VALÉRIA APARECIDA COSTA TORRES;PSD;F
3223;VÂNIA CRISTINA DA SILVA;NOVO;F
3224;DOUGLAS VANDERLEI AUGUSTO;PSC;M
3225;JOSÉ RONALDO GOMES DA SILVA;PSB;M
3226;MARILDA DE SANTANA GIRON;PSC;F
3227;MARCUS VINICIUS DE ALMEIDA FERREIRA;MDB;M
3228;VICENTE PAULA RIBEIRO;PL;M
3229;RAFAEL COSTA AMADEU;PDT;M
3230;RAFAEL GUSTAVO BERNARDO;NOVO;M
3231;RAFAEL ZAMPRONIO DA SILVEIRA;PSB;M
3232;RAFAEL FERNANDO ZIMBALDI;CIDADANIA;M
3233;RAFAEL BERNARDO FERREIRA SANTOS;REDE;M
3234;RAFAEL ELIAS MACHADO PEREIRA ANTUNES;UNIÃO;M
3235;RAFAEL MORENO SOUZA SANTOS;PMB;M
3236;RAFAEL PINTER;NOVO;M
3237;RAFAEL SARAIVA GAIA;UNIÃO;M
3238;RAFAEL ANTONIO DA SILVA;PSD;M
3239;RAFAEL RIBEIRO ZUCCO;PL;M
3240;RAFAELA KOBAL FERNANDES DE CARVALHO;UNIÃO;F
3241;RALFI RAFAEL DA SILVA;REPUBLICANOS;M
3242;ANTONIO DE SOUSA RAMALHO;PSD;M
3243;RAMILSON DE FREITAS PEREIRA;PDT;M
3244;RAMON FERNANDES FAUSTINO;PSOL;M
3245;RANGEL RODRIGO DE FIGUEIREDO BONELLI;PRTB;M
3246;RAPHAEL GOZUEN CAMARGO;AVANTE;M
3247;RAQUEL DE PAULA;PSTU;F
3248;RAQUEL TOIAN DOS SANTOS;PMN;F
3249;RAQUEL FERNANDEZ VARELA;REDE;F
3250;RAUL BETIOL;PATRIOTA;M
3251;RAUL MARCELO DE SOUZA;PSOL;M
3252;RAUL VICENTINI;PSD;M
3253;RAIMUNDO LUSTOZA LUCAS;SOLIDARIEDADE;M
3254;ROBERTO CARLOS DE ALMEIDA;PTB;M
3255;RAI SAYLON DE PAULA RIBEIRO;PDT;M
3256;EDNALDO DOS SANTOS PASSOS;PL;M
3257;REGINA CELIA BENTO CATHARINO;UNIÃO;F
3258;REGINA CÉLIA GONÇALVES DOS SANTOS;PSOL;F
3259;IOLANDA REGINA ALVES FRONTEROTTA;PTB;F
3260;REGINA DE MATOS COELHO NOGUEIRA;SOLIDARIEDADE;F
3261;ELIS REGINA NOGUEIRA RODRIGUES;PMB;F
3262;REGIS LEANDRO YASUMURA;PL;M
3263;JHONATAN WILLIAM OLIVEIRA DO NASCIMENTO;PDT;M
3264;REINALDO BRIGIDO DE SOUSA;UNIÃO;M
3265;PAULO BATISTA DOS REIS;PT;M
3266;REJAINE TEREZA DOS SANTOS MARCHESINI;REPUBLICANOS;F
3267;RENAN DIAS DA MATA;PSC;M
3268;RENATA TEODORO DA FONSECA;SOLIDARIEDADE;F
3269;RENATA ROSA DE SA BOAVENTURA;PRTB;F
3270;RENATA FALZONI;PSB;F
3271;RENATA GOUVEA;PATRIOTA;F
3272;RENATA APARECIDA MORAIS DE VASCONCELOS;AVANTE;F
3273;RENATO DE SOUZA BATTISTA;UNIÃO;M
3274;RENATO SABINO COLOMBANO;PSD;M
3275;RENATO MORENI AIRES DA SILVA;PT;M
3276;RENATO DE OLIVEIRA ZUCOLOTO;PP;M
3277;RENÉ VICENTE DOS SANTOS;PC do B;M
3278;PEDRO JOSÉ DE PAULA;PDT;M
3279;REINALDO MARTINS;AGIR;M
3280;RICARDO ALVAREZ;PSOL;M
3281;RICARDO BORGES DE OLIVEIRA;AGIR;M
3282;JOSÉ RICARDO DA SILVA;PMB;M
3283;RICARDO JOSÉ LEMES;PV;M
3284;RICARDO DE FARIA SILVA;PSB;M
3285;RICARDO LONGATTI FRANÇA;PODE;M
3286;RICARDO DE SOUZA GENOVEZ;SOLIDARIEDADE;M
3287;RICARDO PELISSARO LOQUETE;PROS;M
3288;RICARDO ROSSI MADALENA;PL;M
3289;RICARDO MOLINA DIAS;REPUBLICANOS;M
3290;CELSO RICARDO DE MOURA;PROS;M
3291;RICARDO AUGUSTO PEREIRA;PATRIOTA;M
3292;RICARDO DOS SANTOS SATURNO;PSC;M
3293;RICARDO AZEVEDO DA SILVA;PRTB;M
3294;HENRIQUE DE ALMEIDA BASANO;MDB;M
3295;MARIA RISOLETA ESTRELA DOS SANTOS;PTB;F
3296;RITA VALÉRIA ALVES;PSC;F
3297;RITA DE CASSIA RAMOS ORIGUELLA;AVANTE;F
3298;RIVANDA OLIVEIRA RIELI;PSB;F
3299;NIELTON CARVALHO DE MATOS;PMB;M
3300;ROBERIO DOS SANTOS BENEDITO;PMB;M
3301;ROBERTA MARIA GONÇALVES FRANCESCHI BOTION;PSD;F
3302;JOSÉ LUIZ BONITO;PMB;M
3303;ROBERTO TURCHI DE MORAIS;CIDADANIA;M
3304;ROBERTO LUIZ DO NASCIMENTO;PMN;M
3305;CARLOS ROBERTO BATISTA DOS SANTOS;PSC;M
3306;ROBSON ALEXANDRE DE OLIVEIRA;SOLIDARIEDADE;M
3307;REGIANE ROCHA;PL;F
3308;EDSON GOMES DA ROCHA;PSD;M
3309;RODRIGO CESAR REGORAO VERONEZI;UNIÃO;M
3310;RODRIGO ANTUNES DE LIMA;PCO;M
3311;RODRIGO ALMEIDA PASSOS;PSB;M
3312;RODRIGO CAPEL;CIDADANIA;M
3313;RODRIGO LUIS DE BARROS ALMEIDA;UNIÃO;M
3314;RODRIGO SALOMÃO JUNQUEIRA;PATRIOTA;M
3315;RODRIGO MOLLER;PMB;M
3316;RODRIGO AUGUSTO MORAES;PL;M
3317;RODRIGO BRUNO NAHAS;NOVO;M
3318;RODRIGO FERNANDO NOVELLI;REPUBLICANOS;M
3319;RODRIGO RODRIGUES PEDROSO;PTB;M
3320;RODRIGO ADRIANO DA SILVA;UNIÃO;M
3321;RODRIGO REY RODRIGUEZ;NOVO;M
3322;RODRIGO FIRMINO ROMÃO;PC do B;M
3323;JORGE RODRIGO VALVERDE SANTANA;PT;M
3324;ROGÉRIO MACIEL MONTEIRO JUNIOR;AVANTE;M
3325;ROGERIO GUEIROS DE ARAUJO;DC;M
3326;ROGÉRIO MARTINIUC DE OLIVEIRA;PMB;M
3327;ROGERIO NOGUEIRA LOPES CRUZ;PSDB;M
3328;JOSÉ ROGERIO SOARES DOS SANTOS;MDB;M
3329;ROLGACIANO FERNANDES ALMEIDA;UNIÃO;M
3330;ROMEU SÃO MARCOS ESCANHOELA;NOVO;M
3331;ROMILDO ANTONIO DA SILVA;PT;M
3332;ROMILDO DE PINHO CAMPELLO;PV;M
3333;ROMILDO VIRGÍNIO DOS SANTOS;PSD;M
3334;ROMULO CESAR FERNANDES;PT;M
3335;RONALDO FORMIGAO;UNIÃO;M
3336;RONALDO GALDINO DOS SANTOS;PMB;M
3337;RONALDO ELIAS MARIANO;PMB;M
3338;RONALDO SEGALA;PMN;M
3339;ROQUE BARBIERE;AVANTE;M
3340;ROSANA APARECIDA BRANQUINHO;MDB;F
3341;ROSANA DE ANDRADE MARQUES;PRTB;F
3342;FRANCISCA ROSANA MONTANHER;AVANTE;F
3343;ROSANGELA LOURENÇO BRITO SOUZA;PMN;F
3344;ROSANGELA SALVIANO POLIDO VAZ;PRTB;F
3345;ROSANGELA DA SILVA SCARPINELLI;UNIÃO;F
3346;ROSANGELA DA SILVA BATISTA;AVANTE;F
3347;MARIA DO ROSARIO ALMEIDA;PTB;F
3348;ROSEMEIRE RIBEIRO;CIDADANIA;F
3349;ROSELEI APARECIDO FRANÇOSO;MDB;F
3350;ROSIMEIRE SANTOS CESCHINI;AGIR;F
3351;ROSIRENE DE JESUS SANTOS;PSC;F
3352;ROSIVALDO DE JESUS SANTOS;PSOL;M
3353;JOSÉ CARLOS ROSSI;PSD;M
3354;ROSYMEIRE DE SOUZA LEITE RODRIGUES;PTB;F
3355;ROY NELSON PINTO;PL;M
3356;ROZANA FONSECA BARROSO DA SILVA;PC do B;F
3357;RUBIA MARA DA SILVA OLIVEIRA;MDB;F
3358;RUBENS CESTARI CAMPOS;PODE;M
3359;RUBENS DE SOUZA;SOLIDARIEDADE;M
3360;RUBI CRUSE;REPUBLICANOS;M
3361;RUBENS LOBATO PINHEIRO NETO;UNIÃO;M
3362;RUI ALVES SOUZA JUNIOR;REPUBLICANOS;M
3363;RUI ALVES BRUM JUNIOR;PATRIOTA;M
3364;RUTE COSTA SOBRINHA;REPUBLICANOS;F
3365;CARLOS ALBERTO DE ZAGOTTIS SAAD;PROS;M
3366;SABRINA PRADO DOS SANTOS;PODE;F
3367;MARCOS DE OLIVEIRA SAMPAIO;PMN;M
3368;SAMUEL DO CARMO;AGIR;M
3369;SAMUEL EUZÉBIO DE OLIVEIRA;PC do B;M
3370;SAMUEL DE JESUS SANTOS PEREIRA;MDB;M
3371;SAMUEL DOS SANTOS;PATRIOTA;M
3372;SAMUEL PORFIRIO FRANCA;PRTB;M
3373;MARDQUEU SILVIO FRANCA FILHO;PRTB;M
3374;SANDRA DAMASCENO NUNES DE MIRANDA;AVANTE;F
3375;SANDRA DELMIRO DE LIMA GABRIEL;PATRIOTA;F
3376;SANDRA DE AMORIM BARBOSA DE OLIVEIRA;PODE;F
3377;SANDRA HELENA CANDIDO DOS SANTOS;PDT;F
3378;SANDRA NAVAJAS;PDT;F
3379;SANDRA PEDROSA GARCIA DOS SANTOS;PSC;F
3380;SANDRA SOARES;PRTB;F
3381;CARLOS ALESSANDRO FRANCO BORRO DE MATOS;PSDB;M
3382;ALESSANDRO CAMARGO RODRIGUES;AGIR;M
3383;SANTA DA PAIXÃO GOMES DA SILVA;PMB;F
3384;ANTÔNIO SANTANA DA SILVA;PMN;M
3385;SARA MARGARETE DE SOUZA SILVA;REPUBLICANOS;F
3386;ANDRE CESAR COSTA;MDB;M
3387;ALEIXO ANDRE MANOEL NETO;PMB;M
3388;ANDERSON ROGERIO ALVES;PMB;M
3389;SÉRGIO DE MOURA CAVALCANTI;PSD;M
3390;FERNANDO DOS SANTOS CORREA;PMN;M
3391;LUCIANO GALESCO;PRTB;M
3392;LUIZ ANTONIO GATO;PP;M
3393;JULIO CESAR FRANCISCO;PRTB;M
3394;LUCIANO MARQUES DA SILVA;MDB;M
3395;EDUARDO FRANCISCO DE MELO;PTB;M
3396;ANDRE GEORGE NERES DE FARIAS;REPUBLICANOS;M
3397;RUBENS CLÁUDIO SIQUEIRA NERI;PATRIOTA;M
3398;RICARDO RIBEIRO PEDROSO;PL;M
3399;ROGERIO PEDROSO DE PADUA JUNIOR;REPUBLICANOS;M
3400;SANDRO APARECIDO BATISTA;PRTB;M
3401;SARITA DE SOUZA GREGORIO;PSDB;F
3402;MARCO ANTONIO SARTI;PMB;M
3403;SAULO FAUSTINO;AGIR;M
3404;SAULO DE OLIVEIRA SOUZA;PP;M
3405;SEBASTIÃO DOS SANTOS FILHO;REPUBLICANOS;M
3406;MARCOS DOS SANTOS SENA;AGIR;M
3407;PANAGIOTIS SERAFIM SPANOS;PTB;M
3408;SERGILVAN OLIVEIRA DE BRITO;AGIR;M
3409;SERGIO ROBERTO RIBEIRO DOS SANTOS;PSB;M
3410;SERGIO DE PAULA REIS FILHO;UNIÃO;M
3411;SÉRGIO CASSAGNI;DC;M
3412;SERGIO WAGNER LOCATELLI;AVANTE;M
3413;SÉRGIO MARTINS DA SILVA;AGIR;M
3414;SERGIO OLIVETTI JACOMINI;PSDB;M
3415;SERGIO RAMOS ROBERTO;AVANTE;M
3416;SERGIO CALDAS SANTANA;PL;M
3417;SERGIO LUIZ VICTOR JUNIOR;NOVO;M
3418;SÉRGIO ZAGARINO JUNIOR;NOVO;M
3419;SEVERINO DOS RAMOS LAURENTINO DOS SANTOS;AGIR;M
3420;MAGDA DOS SANTOS CABRAL;PTB;F
3421;SHIRLEI APARECIDA MOURA DA SILVA;PSB;F
3422;SHIRLEY VITORIA BERLINI CODREANSCHI;PRTB;F
3423;SHIRLEY PALADY CAMBUR;AGIR;F
3424;SIDELI DA SILVA LOPES;UNIÃO;F
3425;SIDNEY MELO DA SILVA;PMN;M
3426;SIDNEY NERY DA SILVA;REPUBLICANOS;M
3427;SEBASTIÃO RIBEIRO DA SILVA;PMN;M
3428;SILAS DA SILVA MOREIRA;PMB;M
3429;SILMARA APARECIDA DOS REIS CIPRIANO;REPUBLICANOS;F
3430;SILVANO SALES PEIXOTO;PSDB;M
3431;SILVIA BARNABE;NOVO;F
3432;SÍLVIA ELENA BITTENCOURT;PSB;F
3433;SILVIA MIRANDA NAGATA;PODE;F
3434;SILVIA ELIANA PALMA;PSD;F
3435;SILVIA DOS REIS;AVANTE;F
3436;SILVAN PEREIRA DE SOUZA;PODE;M
3437;SILVIO ALESSANDER ENCARNAÇÃO;REPUBLICANOS;M
3438;SILVIO BARBOSA LOPES FILHO;PSC;M
3439;JOSE SILVIO VALDISSERA;REPUBLICANOS;M
3440;SIMÃO PEDRO CHIOVETTI;PT;M
3441;SIMONE SILVA SANTOS DA COSTA;PMB;M
3442;SIMONE CRISTINA DE OLIVEIRA;DC;M
3443;SIMONE VANESSA SANTOS DIAZ;AGIR;M
3444;SIMONE MARQUES LOPES;AGIR;M
3445;SIRINEU DE ARAUJO SANTOS;PL;M
3446;SIVALDO DE JESUS;PDT;M
3447;SOCORRO MARIA DE JESUS FERREIRA;PP;M
3448;SOFIA BRAGA PALMA;PMB;F
3449;SOLANGE GUAPYASSU;PATRIOTA;F
3450;SOLANGE CRISTINA DE FREITAS;UNIÃO;F
3451;ADALGISA SOLANGE SPINA;NOVO;F
3452;SOLANGE MARIA TEODORO;PDT;F
3453;ALBA SOLANGE CHALITA DA SILVA;PSOL;F
3454;EVANDRO GONÇALVES PESSOA;PP;M
3455;LUIZ PAULO MADALHANO MAGALHÃES;PSC;M
3456;REINALDO PEREIRA ZACHARIAS;PMB;M
3457;JOSELITO ALVES DOS SANTOS;AGIR;M
3458;WERMESON PEREIRA DA SILVA;UNIÃO;M
3459;SÔNIA REGINA DA SILVA LEAL CESARIO;DC;F
3460;SÔNIA REGINA RODRIGUES MÓDENA;PSD;F
3461;SÔNIA MARIA FERRAZ DE MOURA;PATRIOTA;F
3462;SÔNIA DAS GRAÇAS RIBEIRO SILVEIRA;PATRIOTA;F
3463;SONIA DA SILVA LIMA;PSC;F
3464;SORAIA DOS SANTOS CARNEIRO D'EPIRO;UNIÃO;F
3465;JOSE DE SOUZA JUNIOR;PRTB;M
3466;STEFANIA DE ALMEIDA ROBUSTELLI;PCO;F
3467;MARCIO ANDRE DA SILVA;PRTB;M
3468;JULIANO DA SILVA MELO;PL;M
3469;SUELI GUETE AGUIAR;PMB;F
3470;SUENIRA TEIXEIRA PINTO;MDB;F
3471;VANILDA APARECIDA PEREIRA DA SILVA;PSD;F
3472;SUSANA DAS NEVES;PATRIOTA;F
3473;SUSIMEIRE RIBEIRO DOS SANTOS;PSB;F
3474;AUDEIDE CARDOSO;MDB;F
3475;TÁBATA FREITAS MANZOLI;PODE;F
3476;LUIS TADEO GIMENES;PSD;M
3477;TAILANDIA FERNANDES SOARES PAIXÃO;PATRIOTA;F
3478;TAIS CRISTINA LOURENÇO DE SOUZA;PMN;F
3479;TAIS ALEXANDRE ZUZA CUSTÓDIO;NOVO;F
3480;TALITA DE LIMA BARBOSA;PSB;F
3481;EDSON JOSÉ BOMBONATTI;REPUBLICANOS;M
3482;LUIZ FERNANDO BRASILIENSE;PMN;M
3483;TANIA DAS NEVES BELO;AVANTE;F
3484;TANIA CRISTINA FRUCHI;UNIÃO;F
3485;TARCISIO BRUNO GUIDI;AGIR;M
3486;TARSO LUIZ FURTADO GOUVEIA;MDB;M
3487;EDMILSON ALVES DA SILVA;PATRIOTA;M
3488;MANOEL CORREA DA FONSECA NETO;NOVO;M
3489;TELMA MARIA CARDIA;SOLIDARIEDADE;F
3490;TELMA SANDRA AUGUSTO DE SOUZA;PT;F
3491;JOSE FERNANDES DE LIRA JUNIOR;PL;M
3492;ADILSON RIBEIRO;PSC;M
3493;FLAVIO GONÇALVES DA COSTA;PL;M
3494;GIOVANNI BARBIERATTO;PL;M
3495;EDYMAR BUENO;PP;M
3496;MATHEUS COIMBRA MARTINS DE AGUIAR;PL;M
3497;JOSE CARLOS FERNANDES;PL;M
3498;JOSÉ CARLOS FURIOSO;PSC;M
3499;MANOEL BARBOSA DO NASCIMENTO;REPUBLICANOS;M
3500;ROGÉRIO DA SILVA SANTOS;PL;M
3501;PAULO ROBERTO TORRES GALINDO;PTB;M
3502;TERESINHA GERALDO LISBÔA;AVANTE;F
3503;TEREZINHA DE AQUINO;PSD;F
3504;TEREZINHA DE JESUS NOGUEIRA;REPUBLICANOS;F
3505;THAINARA KAROLINE FARIA;PT;F
3506;THAISE CARVALHO MIRANDA;PMB;F
3507;THAISE BEZERRA PACHECO SANTOS;PT;F
3508;THALITA DE ALMEIDA TAVARES;PSOL;F
3509;THAMIRES DE OLIVEIRA DAMATTO;AGIR;F
3510;MALBA TANIA RODRIGUES ABRANTES COELHO GOMES;PODE;F
3511;TATIANA DE FREITAS SIVIERO;PODE;F
3512;THIAGO REIS AURICCHIO;PL;M
3513;THIAGO ANTONIO BRIGANO;REPUBLICANOS;M
3514;THIAGO VERONICO DE FREITAS;UNIÃO;M
3515;THIAGO RODRIGO MARTINS;PV;M
3516;THIAGO RODRIGO ROCHITI;PSC;M
3517;THIAGO SANTOS ALVES DE SOUSA;PL;M
3518;THIAGO HENRIQUE MAIA SORATTO;PT;M
3519;THIAGO FERREIRA ZANI;SOLIDARIEDADE;M
3520;THÍFANY FELIX GUIMARÃES;REDE;F
3521;VANIA MAIA DOS REIS;AVANTE;F
3522;IZILDA DE LOURDES ALIPIO;PSC;F
3523;TIAGO MANOEL CAETANO;PMB;M
3524;TIAGO MANOEL CAETANO;PMB;M
3525;TIAGO DE OLIVEIRA SOUZA;PSC;M
3526;TIAGO MARTINS PERETTO;PL;M
3527;TIAGO ROCHA FERREIRA;NOVO;M
3528;SEBASTIÃO RAIMUNDO DE OLIVEIRA;PSC;M
3529;OSVALDY MARTINS;PROS;M
3530;JOÃO DA SILVA FILHO;UNIÃO;M
3531;BENEDITO EDELCIO DA SILVA;PMB;M
3532;ANDERSON RUGEL VAZ;PSC;M
3533;DONIZETE APARECIDO FERREIRA;AGIR;M
3534;BRUNO VIEIRA MAIA;PSOL;M
3535;CUSTODIA DE SOUZA RANGEL;PODE;F
3536;CLERISTON DOS SANTOS ARAÚJO;PSB;M
3537;TOME ABDUCH;REPUBLICANOS;M
3538;ANTONIO CARLOS BOLGIONI;PODE;M
3539;ANTONIO LAURO CAMPANHA;PSB;M
3540;ANTONIO GENARO PEREIRA DA SILVA;DC;M
3541;ANTONIO ALBERTO DOS REIS;SOLIDARIEDADE;M
3542;ANTOINE BALADY;REDE;M
3543;BENEDITO TORRES BARRETO;PP;M
3544;TRACE CAROLINE DIAS DAS CHAGAS;PSC;F
3545;ANTONIO CARLOS MUNHOZ;REDE;M
3546;TIAGO BAUAB BEDANI;PP;M
3547;ANTONIO FERNANDO PEREIRA;PDT;M
3548;UBIRATAN SILVEIRA GARCIA;PL;M
3549;URIÃ FANCELLI BAUMGARTNER;PODE;M
3550;SERGIO UZUM JUNIOR;AVANTE;M
3551;VAGNER FERNANDES DA SILVA;REPUBLICANOS;M
3552;VALDETE GUEDES DE OLIVEIRA;PL;F
3553;VALDECIR SOUZA DOS SANTOS;REPUBLICANOS;M
3554;CLEBER VALADÃO ANTUNES;PMB;M
3555;VALDIR DE ALVARENGA;SOLIDARIEDADE;M
3556;VALDOMIRO MARQUES;PSOL;M
3557;VALERIA DE CAMPOS BALBINO;PSC;F
3558;VALERIA CRISTINA RODRIGUES;PTB;F
3559;VALERIA MULLER RAMOS BOLSONARO;PL;F
3560;VALÉRIA CLAYTON REZENDE DE LIMA;PP;F
3561;VALMIR ROSA;CIDADANIA;M
3562;VALMIR FERREIRA VERAS;AGIR;M
3563;VALQUIRO MARTINS BOMFIM;SOLIDARIEDADE;M
3564;VALTER ALCÂNTARA ROSSI;PMB;M
3565;VANDERLEI BORGES DE CARVALHO;PSDB;M
3566;JOSE VANDERLEI MACHADO;PTB;M
3567;FRANCISCO UELITON DE OLIVEIRA SOUZA;PRTB;M
3568;VANESSA GALLONI CARRERA;REPUBLICANOS;F
3569;VÂNIA LUIZ AMANCIO;PRTB;F
3570;VÂNIA FERREIRA DE FRANÇA;PSC;F
3571;VANICE IZAURA CAMARGO COSTA DA SILVA;PODE;F
3572;EVANDRO ANTONIO RAMOS TERRA VARONIL DE SOUSA;PSC;M
3573;VASCO DA GAMA JUNIOR;REPUBLICANOS;M
3574;ARAFETH ALI HUSSEIN NASREDDINE;PATRIOTA;M
3575;RODRIGO OTÁVIO SANTOS VELLASCO;PP;M
3576;EVERILDA XAVIER MOREIRA;DC;F
3577;VERA LUCIA RODRIGUES DE FARIA;PT;F
3578;VERA LUCIA APARECIDA ALVES;AGIR;F
3579;VERA LUCIA MENDES DA SILVA;PSD;F
3580;VERA APARECIDA ORTEGA DOS SANTOS;PP;F
3581;VERA LUCIA SOVERAL DA SILVEIRA;PTB;F
3582;VERA LUCIA DE SOUZA BUENO URBAN;PSC;F
3583;VERÔNICA EVANGELISTA DOS SANTOS;PDT;F
3584;VERONICA COSMO AMERICO;PODE;F
3585;VERONICA CRISTINA ADRIANO;REPUBLICANOS;F
3586;VICENTE FERNANDES CASCIONE;PL;M
3587;AQUEVIRQUE ANTONIO NHOLLA;UNIÃO;M
3588;VICTOR GUATELLI CAVALCANTE;PROS;M
3589;VICTOR AUGUSTO LINS MENDES;REDE;M
3590;VICTOR HENRIQUE MARQUES;PDT;M
3591;JOSE CARLOS FERREIRA VILELA;PL;M
3592;JOSE VINICIUS CAMPOS AITH;PRTB;M
3593;VINICIUS ALMEIDA CAMARINHA;PSDB;M
3594;VINÍCIUS ROSA RODRIGUES;PSOL;M
3595;DONATO DOS SANTOS SILVA;AVANTE;M
3596;VIOLETA FILOMENA DACCACHE;PTB;F
3597;VITOR ALEXANDRE RODRIGUES;REPUBLICANOS;M
3598;LEANDRA SOARES DOS SANTOS;PMN;F
3599;VIVIANE DOS SANTOS SILVA CASAMASSA;UNIÃO;F
3600;VIVIAN FILETO MARTINS DOS SANTOS;PMB;F
3601;VIVIAN MAIRA DA SILVA MARCOS SOARES;REPUBLICANOS;F
3602;VIVIANE SOARES DE OLIVEIRA ALVES;UNIÃO;F
3603;VIVIANE DA SILVA FERNANDES DE LIMA;PROS;F
3604;VIVIANE ROBERTA MATIOLI;PL;F
3605;VLADIMIR CODINHOTO;PODE;M
3606;VLAMIR BERNARDES DA SILVA;REPUBLICANOS;M
3607;RENE VLADEMIR BLOTA JUNIOR;PSDB;M
3608;WAGNER DE AVILA RIBEIRO;PSC;M
3609;WAGNER BERNARDINO DA SILVA;REPUBLICANOS;M
3610;WAGNER DE BRITO TEIXEIRA;NOVO;M
3611;WAGNER CIPRIANO ARAUJO;PC do B;M
3612;WAGNER IRINEU DA SILVA;PROS;M
3613;WAGNER CARDOSO DE OLIVEIRA;PMN;M
3614;WAGNER SEQUIN;PSD;M
3615;WALDENIR CHAGA FILHO;PATRIOTA;M
3616;WALKER ISAAC DE SOUSA;PP;M
3617;WALMIR CHARLEAUX BLANCO ESTEVES;PROS;M
3618;WALNEY ARAUJO DA SILVEIRA;AVANTE;M
3619;WALTER CAVEANHA;AVANTE;M
3620;WALTER MARTINS JUNIOR;UNIÃO;M
3621;WALTER NOLA;PRTB;M
3622;WALTER RESENDE FILHO;PRTB;M
3623;WALTER SANDRO PEREIRA DA SILVA;PMB;M
3624;VANDERLEI NERES PEREIRA;PSB;M
3625;WASHINGTON JOSE DA CRUZ;PTB;M
3626;WELINGTON APARECIDO ALFREDO;PSC;M
3627;WELLISSON WESLEY CANDIDO PEIXOTO;PROS;M
3628;WELLINGTON WILLIAN DO NASCIMENTO SALES;PP;M
3629;WELLINGTON SANTOS DA SILVA DE JESUS;PROS;M
3630;WELLITON BEZERRA DA SILVA;PRTB;M
3631;WILLDSON MENDES STAHN;PV;M
3632;WILLIAM CLEMENTE CORREA;SOLIDARIEDADE;M
3633;WILLIAM DE SOUZA PALMA BOARRETTO;PMB;M
3634;WILLIAM SILVEIRA MEDEIROS;PMN;M
3635;WILLIAM APARECIDO DE SOUZA;PTB;M
3636;WILLIANS ROCHA MONTEIRO;AGIR;M
3637;WILSON ALVES DOS SANTOS;DC;M
3638;WILSON JOAQUIM DA SILVA;PP;M
3639;JOSÉ WILSON CARDOSO DE SOUZA;PT;M
3640;WILSON ALVES DA SILVA JUNIOR;AVANTE;M
3641;WILSON KELLER DE MATOS;PDT;M
3642;WILSON DE MELLO JUNIOR;NOVO;M
3643;WILSON DOS SANTOS JÚNIOR;AVANTE;M
3644;WINNITU DIEGO DA SILVA TOZADORE;PDT;M
3645;JURACILDE DE LIMA PINTO;PTB;F
3646;JOEL XAVIER DA SILVA;AGIR;M
3647;YGOR FROES CARVALHO;NOVO;M
3648;HUMBERTO YUDI WATANABE;UNIÃO;M
3649;JOSE BENTO DE JESUS;PATRIOTA;M
3650;JOSÉ CARLOS DE ALMEIDA;PODE;M
3651;JOSÉ CARLOS SILVA;PSOL;M
3652;JOSE GRACIANO;PRTB;M
3653;JOSÉ WALTER FIGUEIREDO SILVA;PODE;M
3654;ZELINDA DRAGO;PATRIOTA;F
3655;ZENIA PEREIRA DE ANDRADE SOUSA;AVANTE;F
3656;JOSÉ MENINO DE OLIVEIRA;REDE;M
3657;ZORAIDA MARIA LOBATO VIOTTI;MDB;F
3658;MARIA ADALZIRA RIBEIRO ORTIZ;PTB;F
